,Team,Median of Gls,Mean of Gls,Std of Gls,Median of Ast,Mean of Ast,Std of Ast,Median of CrdY,Mean of CrdY,Std of CrdY,Median of CrdR,Mean of CrdR,Std of CrdR,Median of xG,Mean of xG,Std of xG,Median of xAG,Mean of xAG,Std of xAG,Median of PrgC,Mean of PrgC,Std of PrgC,Median of PrgP,Mean of PrgP,Std of PrgP,Median of PrgR,Mean of PrgR,Std of PrgR,Median of Gls/90,Mean of Gls/90,Std of Gls/90,Median of Ast/90,Mean of Ast/90,Std of Ast/90,Median of xG/90,Mean of xG/90,Std of xG/90,Median of xGA/90,Mean of xGA/90,Std of xGA/90,Median of GA90,Mean of GA90,Std of GA90,Median of Save%,Mean of Save%,Std of Save%,Median of CS%,Mean of CS%,Std of CS%,Median of PSave%,Mean of PSave%,Std of PSave%,Median of SoT%,Mean of SoT%,Std of SoT%,Median of SoT/90,Mean of SoT/90,Std of SoT/90,Median of G/sh,Mean of G/sh,Std of G/sh,Median of Dist,Mean of Dist,Std of Dist,Median of Cmp,Mean of Cmp,Std of Cmp,Median of Cmp%,Mean of Cmp%,Std of Cmp%,Median of TotDist,Mean of TotDist,Std of TotDist,Median of SCmp%,Mean of SCmp%,Std of SCmp%,Median of MCmp%,Mean of MCmp%,Std of MCmp%,Median of LCmpt%,Mean of LCmpt%,Std of LCmpt%,Median of KP,Mean of KP,Std of KP,Median of 1/3(passing),Mean of 1/3(passing),Std of 1/3(passing),Median of PPA,Mean of PPA,Std of PPA,Median of CrsPA,Mean of CrsPA,Std of CrsPA,Median of PrgP(passing),Mean of PrgP(passing),Std of PrgP(passing),Median of SCA,Mean of SCA,Std of SCA,Median of SCA90,Mean of SCA90,Std of SCA90,Median of GCA,Mean of GCA,Std of GCA,Median of GCA90,Mean of GCA90,Std of GCA90,Median of Tkl,Mean of Tkl,Std of Tkl,Median of TklW,Mean of TklW,Std of TklW,Median of Att(defense),Mean of Att(defense),Std of Att(defense),Median of Lost(defense),Mean of Lost(defense),Std of Lost(defense),Median of Blocks,Mean of Blocks,Std of Blocks,Median of Sh,Mean of Sh,Std of Sh,Median of Pass,Mean of Pass,Std of Pass,Median of Int,Mean of Int,Std of Int,Median of Touches,Mean of Touches,Std of Touches,Median of Def Pen,Mean of Def Pen,Std of Def Pen,Median of Def 3rd,Mean of Def 3rd,Std of Def 3rd,Median of Mid 3rd,Mean of Mid 3rd,Std of Mid 3rd,Median of Att 3rd,Mean of Att 3rd,Std of Att 3rd,Median of Att Pen,Mean of Att Pen,Std of Att Pen,Median of Att(possession),Mean of Att(possession),Std of Att(possession),Median of Succ%,Mean of Succ%,Std of Succ%,Median of Tkld%,Mean of Tkld%,Std of Tkld%,Median of Carries,Mean of Carries,Std of Carries,Median of PrgDist,Mean of PrgDist,Std of PrgDist,Median of PrgC(possession),Mean of PrgC(possession),Std of PrgC(possession),Median of 1/3(possession),Mean of 1/3(possession),Std of 1/3(possession),Median of CPA,Mean of CPA,Std of CPA,Median of Mis,Mean of Mis,Std of Mis,Median of Dis,Mean of Dis,Std of Dis,Median of Rec,Mean of Rec,Std of Rec,Median of PrgR(possession),Mean of PrgR(possession),Std of PrgR(possession),Median of Fls,Mean of Fls,Std of Fls,Median of Fld,Mean of Fld,Std of Fld,Median of Off,Mean of Off,Std of Off,Median of Crs,Mean of Crs,Std of Crs,Median of Recov,Mean of Recov,Std of Recov,Median of Won,Mean of Won,Std of Won,Median of Lost,Mean of Lost,Std of Lost,Median of Won%,Mean of Won%,Std of Won%
0,Arsenal,2.0,2.5,2.558831578595795,1.0,2.0,2.5260547066428276,2.5,2.8636363636363638,1.8846612565519705,0.0,0.22727272727272727,0.5284134548067253,1.65,2.3272727272727276,2.420386001915479,0.8500000000000001,1.768181818181818,2.0093558227727666,21.0,32.04545454545455,29.67358497083972,53.0,69.5,56.291545504081654,50.0,68.5,69.64313797257175,0.095,0.1531818181818182,0.16214004421916858,0.26,0.2831818181818182,0.2679443148196204,0.1,0.15227272727272728,0.1418896894868827,0.08499999999999999,0.12090909090909091,0.12447639251830964,0.0,0.03818181818181818,0.1790886017387128,0.0,3.477272727272727,16.309854801204196,0.0,1.5636363636363635,7.334104642632999,0.0,0.0,0.0,29.6,27.931818181818183,23.874281567124076,0.23,0.40090909090909094,0.4075000331978846,0.09,0.13954545454545456,0.2164976030380293,14.55,13.963636363636363,5.916767574287377,419.0,637.4545454545455,513.9171442643564,82.25,81.70454545454545,6.329107156826891,6499.5,10446.772727272728,9095.22456557662,91.15,90.50454545454545,5.025693723516927,85.9,84.41363636363637,8.279768541424762,52.0,54.95,10.079009305057149,10.0,15.818181818181818,15.813304716617777,34.5,52.31818181818182,49.325340115291425,9.0,16.272727272727273,15.91998390218682,1.5,2.8636363636363638,3.6160416999472735,53.0,69.5,56.291545504081654,23.0,35.95454545454545,30.340099621155577,2.25,2.4095454545454547,1.3873423626375831,3.0,4.409090909090909,5.058317910786163,0.24,0.2768181818181818,0.30376034356108156,18.5,23.045454545454547,19.816965489502202,11.5,13.5,12.046536747922516,20.0,19.727272727272727,13.997216791993967,10.5,9.772727272727273,6.872525135028734,10.0,12.454545454545455,10.495927884875265,1.5,4.0,6.590035768383312,7.5,8.454545454545455,6.829399141995776,6.0,8.818181818181818,8.261421321484715,724.0,906.3636363636364,625.9278480748967,23.0,69.72727272727273,155.322148121154,113.5,230.63636363636363,306.32981688036296,265.5,391.8181818181818,357.7697632042197,223.5,290.90909090909093,215.68714315634048,34.5,48.40909090909091,44.48077068845549,22.0,28.863636363636363,28.148070143685743,44.55,48.809090909090905,21.601452973417565,34.3,36.35909090909091,16.34391277658091,378.5,526.9545454545455,374.4847224644917,1155.5,1486.4545454545455,1016.700486273061,21.0,32.04545454545455,29.67358497083972,17.0,19.636363636363637,15.98077849747256,4.0,10.863636363636363,13.54110305187402,15.0,18.363636363636363,14.539094930059484,12.5,14.727272727272727,12.630959011141062,500.5,630.9090909090909,449.4777826058559,50.0,68.5,69.64313797257175,14.0,16.136363636363637,10.767214144471188,16.5,15.590909090909092,11.454502507993427,1.5,3.3181818181818183,3.7082451713825844,11.0,30.454545454545453,40.80350973784495,46.5,54.68181818181818,37.45776842771624,10.0,19.0,19.542383731386558,15.5,18.181818181818183,17.478248696284695,52.5,48.459090909090904,19.609853186379087
1,Aston Villa,0.5,1.7142857142857142,3.1488639086730816,0.0,1.3571428571428572,2.0943360251505454,2.0,2.2857142857142856,2.157796249900499,0.0,0.07142857142857142,0.262265264156481,0.8,1.782142857142857,2.8368022648656868,0.4,1.2964285714285713,1.8294873078334841,16.0,22.0,21.788546090566502,33.0,40.75,43.394508101064275,18.5,40.392857142857146,48.378399898297346,0.02,0.1717857142857143,0.30168727457453626,0.13,0.2621428571428571,0.34727891600649397,0.08,0.1867857142857143,0.24473800914793173,0.055,0.09142857142857143,0.11161157134071206,0.0,0.12142857142857143,0.453265634534249,0.0,4.335714285714286,15.979899742088365,0.0,4.146428571428571,19.030005199253043,0.0,1.7857142857142858,9.44911182523068,25.0,26.364285714285717,23.316235232061487,0.165,0.4621428571428572,0.667934112645835,0.02,0.06821428571428571,0.08894665781527678,16.2,15.153571428571428,6.9218645605580145,382.5,454.14285714285717,391.3402151851557,82.15,81.25714285714285,7.220876553511919,5419.5,7744.107142857143,7242.589143849992,91.35,90.01428571428572,5.621895968951604,86.30000000000001,86.41428571428571,7.777589566883784,53.55,53.96785714285714,15.239909924187694,6.0,10.892857142857142,13.736513347345424,20.5,35.035714285714285,42.6097555712453,7.0,9.678571428571429,11.623901211085691,0.0,1.7857142857142858,3.510377660986254,33.0,40.75,43.394508101064275,17.5,26.035714285714285,26.93817632868535,1.825,2.1175,1.4559676049509709,2.0,3.142857142857143,3.4287918800378887,0.19,0.24,0.2253228136926449,10.0,19.75,19.109092270628853,6.0,11.178571428571429,11.261384598209187,10.0,16.535714285714285,17.515035113480504,4.5,7.107142857142857,7.465174879320376,8.0,10.035714285714286,8.443635090704332,2.0,3.3214285714285716,4.05566427338515,5.5,6.714285714285714,5.8427361858607085,5.0,7.571428571428571,7.997354059792024,630.5,666.25,525.5580191391637,27.0,78.5,172.0677084647096,125.5,222.03571428571428,272.59310093479746,226.0,285.57142857142856,275.21916230812724,112.0,165.17857142857142,158.71895813656815,17.0,29.071428571428573,35.303896093279555,16.0,22.607142857142858,28.08761330487198,48.7,48.92857142857143,26.36603956471359,41.650000000000006,37.528571428571425,23.59827139216796,350.5,378.67857142857144,291.8336732749373,994.0,1099.0,863.5527820622243,16.0,22.0,21.788546090566502,12.5,14.107142857142858,12.44942148206475,2.0,6.607142857142857,9.967871668940445,7.0,15.214285714285714,19.122135985712596,7.0,11.75,14.336240015351926,435.0,445.75,354.31798074819955,18.5,40.392857142857146,48.378399898297346,8.0,12.642857142857142,12.924894972606548,8.5,15.071428571428571,16.211401044003683,1.0,1.7142857142857142,2.4624158997805514,4.5,18.571428571428573,32.84579974435941,36.5,42.892857142857146,33.63347019652176,8.0,11.25,10.919316896284377,8.0,12.678571428571429,13.007273097738564,48.35,38.31071428571429,25.082697877306437
2,Bournemouth,1.0,2.1739130434782608,3.33919116380876,1.0,1.608695652173913,2.0167284586402126,3.0,3.3043478260869565,2.851391727316451,0.0,0.043478260869565216,0.20851441405707472,1.0,2.526086956521739,3.356028143682018,1.1,1.6782608695652175,1.7549816165157683,18.0,26.695652173913043,31.382442663213475,36.0,52.65217391304348,47.650821509327976,22.0,51.869565217391305,65.51842513080236,0.03,0.1408695652173913,0.19028478760861817,0.2,0.2452173913043478,0.27911987592849763,0.08,0.1882608695652174,0.2083627120260385,0.09,0.12913043478260872,0.1507831990724751,0.0,0.14652173913043479,0.39214571382276414,0.0,10.347826086956522,27.371133924848927,0.0,1.7739130434782608,5.878560228128247,0.0,0.0,0.0,29.4,21.952173913043477,18.598701556956687,0.17,0.5599999999999999,0.6681657388294124,0.06,0.05173913043478261,0.055730860873980236,14.6,13.391304347826088,6.880070893099224,344.0,444.4347826086956,360.59847048621276,73.3,73.81304347826087,6.801223442602481,5606.0,8110.565217391304,6973.018557437772,87.8,86.70434782608696,7.3394623447416985,79.8,81.37826086956522,10.816231763660461,46.6,47.417391304347824,19.181825019199653,10.0,16.26086956521739,15.592006668057799,33.0,44.08695652173913,43.626423439635616,6.0,12.08695652173913,12.555017263947658,2.0,3.5217391304347827,4.851143869021477,36.0,52.65217391304348,47.650821509327976,26.0,37.391304347826086,33.99564026919118,2.35,2.6182608695652174,1.9174359113952937,2.0,3.739130434782609,3.92216766718178,0.23,0.2408695652173913,0.2134332564075043,20.0,25.956521739130434,21.720284321070533,9.0,15.08695652173913,13.734207603572319,21.0,23.304347826086957,19.749418363377178,12.0,12.26086956521739,9.923422207101503,12.0,16.565217391304348,15.225057357576752,2.0,4.739130434782608,6.503267649311158,8.0,11.826086956521738,11.479832806483818,8.0,13.08695652173913,14.472271429053752,749.0,755.5652173913044,556.5582405272733,36.0,78.34782608695652,130.2217021068483,131.0,227.2173913043478,246.21626792900054,255.0,323.30434782608694,287.9277742109214,99.0,214.65217391304347,216.85135434537392,19.0,36.69565217391305,45.03981549959051,14.0,24.695652173913043,29.354316366218843,40.0,36.96086956521739,23.430084373619756,44.4,38.0304347826087,23.543855303022152,407.0,407.0,303.4928485004368,936.0,1256.7826086956522,1113.8837444039798,18.0,26.695652173913043,31.382442663213475,14.0,17.869565217391305,18.091445361189827,1.0,8.608695652173912,15.248663519483758,17.0,21.217391304347824,19.306043617429822,7.0,12.695652173913043,15.413791883801798,378.0,439.9130434782609,325.9444895632995,22.0,51.869565217391305,65.51842513080236,14.0,18.434782608695652,16.784262344547436,9.0,13.869565217391305,12.414450333184263,0.0,2.5217391304347827,4.620798486855543,10.0,29.652173913043477,37.11359551878551,52.0,66.6086956521739,53.88602376602167,20.0,20.347826086956523,18.775246507647374,22.0,22.304347826086957,18.464793976667885,42.9,46.9,20.36025540114858
3,Brentford,0.5,2.6,4.7506232278124925,1.0,1.65,2.3680993933621335,2.0,2.25,1.5517392618742705,0.0,0.05,0.22360679774997896,0.9500000000000001,2.43,3.707332705527477,1.2,1.7449999999999999,2.11597308708385,12.0,25.15,30.860083228048904,51.0,57.05,50.37279445348086,30.5,56.0,72.29471845017086,0.015,0.11299999999999999,0.18350677601141943,0.11,0.19,0.23215240003520374,0.065,0.124,0.15756034767001098,0.07500000000000001,0.091,0.08194349786349898,0.0,0.1375,0.42547651305083195,0.0,6.2,19.476301388853933,0.0,5.805,22.46078395313649,0.0,0.0,0.0,32.05,27.55,19.15519717850402,0.185,0.325,0.36371619937007277,0.02,0.068,0.08134397399477823,14.7,13.535,7.0239646174627355,450.0,562.4,408.05642024757213,77.35,76.935,7.925128257305166,7380.0,10275.2,8649.449855337622,87.15,86.97,7.752833098463528,82.45,82.44,9.951746739035048,55.25,55.55499999999999,13.973564326971125,8.0,13.5,15.902664457319888,42.0,46.35,36.84573102459554,7.0,13.65,17.403190874997,2.0,3.7,5.0377522138768445,51.0,57.05,50.37279445348086,21.0,32.3,32.807412512867785,1.655,1.811,1.1551208640338533,2.0,4.4,5.082477638649129,0.195,0.2325,0.21681607534109595,27.0,26.0,21.29986409642831,17.5,15.55,12.38196906371264,24.0,24.4,19.432474176789196,10.5,11.6,9.751653031261174,19.0,20.75,18.020091126587744,3.5,8.45,12.115561980579487,12.5,12.3,9.520614752375916,8.5,12.35,11.449086380465841,758.5,902.95,607.5674946261656,47.0,141.55,272.4497974036008,221.5,354.4,394.5000033353345,324.0,334.55,251.68871229106966,153.0,222.2,215.9935671556715,27.5,41.0,42.30465944226848,13.0,25.85,31.312138221462934,44.1,43.055,23.69093708572964,42.5,38.165,20.09823964535465,415.5,476.15,325.5924599864069,1181.0,1320.4,1045.8844859231524,12.0,25.15,30.860083228048904,9.5,15.55,18.23667502012013,1.0,8.85,16.699432703884852,14.0,21.7,23.51729486770825,8.0,12.4,12.758485308547446,508.0,554.3,370.7615349378542,30.5,56.0,72.29471845017086,10.5,12.65,9.975100579891281,10.0,14.35,12.938213494182751,1.0,3.05,4.418561328139094,12.5,28.2,41.764502681230695,55.0,68.65,51.81980418009275,15.5,26.6,28.908931419017787,17.5,23.6,22.504736343595248,55.6,54.58,19.84411884240716
4,Brighton,1.0,1.8148148148148149,2.7461446686783533,1.0,1.1481481481481481,1.5616486284521365,2.0,2.4814814814814814,2.439583356142387,0.0,0.07407407407407407,0.26688025634181184,0.7,1.848148148148148,2.529878435870961,0.8,1.2444444444444445,1.3937589829536892,16.0,25.0,29.21801341111862,36.0,47.629629629629626,46.54373307244583,27.0,46.96296296296296,61.175335327414864,0.05,0.1274074074074074,0.15134252014737434,0.12,0.20333333333333334,0.22610412849631237,0.09,0.13333333333333333,0.12508458676493217,0.09,0.09666666666666666,0.07442084075352508,0.0,0.07777777777777778,0.31905308617042377,0.0,5.174074074074074,18.69622735684709,0.0,2.5925925925925926,10.225380411427466,0.0,0.0,0.0,28.6,28.31851851851852,21.917889374752182,0.3,0.4659259259259259,0.6607877540030958,0.06,0.07703703703703704,0.09071573584194051,16.0,16.02962962962963,5.863696314862706,314.0,490.44444444444446,450.3137652565011,80.8,79.9962962962963,7.791093607520038,4884.0,8379.592592592593,8669.236601380324,91.8,89.68518518518519,6.426190623217297,82.4,82.37777777777777,9.405944656003184,52.4,54.577777777777776,16.151049819018276,9.0,11.333333333333334,9.719132598207437,22.0,36.629629629629626,45.33902050802135,8.0,10.481481481481481,10.203206020923673,1.0,2.6666666666666665,3.802832952094854,36.0,47.629629629629626,46.54373307244583,22.0,28.62962962962963,22.7175773155572,2.59,2.4392592592592592,1.2143720312158999,3.0,3.185185185185185,2.882800948824131,0.22,0.2437037037037037,0.20591536999733553,16.0,21.14814814814815,17.999366877121204,10.0,12.703703703703704,10.77323897733073,17.0,21.333333333333332,17.45323421648219,9.0,11.148148148148149,8.654495069054283,12.0,13.592592592592593,11.513401085622117,2.0,3.8518518518518516,5.141862156723616,9.0,9.74074074074074,9.46894760049757,8.0,9.851851851851851,9.168104005416334,569.0,734.2962962962963,572.6756912017895,25.0,81.55555555555556,183.11289777984877,114.0,236.88888888888889,304.9088556542926,246.0,320.85185185185185,300.6982519843419,137.0,184.92592592592592,170.65956348733172,17.0,32.7037037037037,40.34830547849259,12.0,25.88888888888889,30.97807330421028,42.1,43.84074074074074,22.858549305528477,46.4,44.24444444444444,21.867227556909018,334.0,427.1111111111111,357.0272919252633,950.0,1295.2222222222222,1363.2809500311917,16.0,25.0,29.21801341111862,16.0,17.40740740740741,17.416303721732557,2.0,7.666666666666667,14.123085302494584,10.0,17.925925925925927,18.451445484184713,7.0,11.185185185185185,11.688380282067897,384.0,484.55555555555554,394.5025429705827,27.0,46.96296296296296,61.175335327414864,9.0,13.851851851851851,11.749643869246892,8.0,13.25925925925926,14.442439045536789,1.0,1.2962962962962963,1.793467093794647,9.0,20.444444444444443,25.495600424889805,40.0,50.925925925925924,40.60307484181077,13.0,16.51851851851852,16.901002178683804,12.0,14.555555555555555,13.871202414003497,53.8,49.614814814814814,21.921620934307402
5,Chelsea,1.0,2.16,3.4360830412937733,1.0,1.64,2.0792626898334254,3.0,3.6,3.068658773253661,0.0,0.04,0.2,0.7,2.464,3.9975909412211417,1.1,1.88,2.2896506283710623,12.0,29.12,36.45353206480821,32.0,54.88,58.456051868048704,11.0,53.56,70.25671972606368,0.03,0.1192,0.14985882245188858,0.16,0.22640000000000002,0.22750238093992187,0.08,0.1592,0.18670207997413063,0.09,0.1392,0.14387262885390442,0.0,0.106,0.3703376837428241,0.0,5.928,20.532160139644343,0.0,1.7439999999999998,6.213096383178572,0.0,0.8,4.0,27.3,25.348000000000003,22.696128891656098,0.25,0.43560000000000004,0.4937870661192602,0.06,0.0748,0.10801697397477245,12.6,13.26,6.578120298889848,420.0,622.24,540.1581003126151,84.9,84.148,6.627287026629626,7109.0,10755.88,9693.800296753247,92.2,91.024,5.787434664857996,91.2,88.68799999999999,7.4288469271258135,58.8,59.82,13.7708629601295,6.0,16.08,20.35706265648362,26.0,51.84,54.70045703648187,5.0,12.16,15.807909412695908,0.0,2.56,4.865524980239371,32.0,54.88,58.456051868048704,15.0,37.32,44.26785891968724,1.74,2.2324,1.6217795781178157,2.0,3.8,4.2130748865881795,0.18,0.22760000000000002,0.21354702838797204,12.0,19.44,21.899543374234998,8.0,12.24,13.417277418810917,12.0,18.48,20.62991355612847,6.0,9.32,10.979981785048645,9.0,11.96,12.377668062549855,1.0,3.52,5.213124462994017,6.0,8.44,9.115371632577576,7.0,9.2,10.157099323461727,703.0,863.12,699.3521001612851,19.0,80.12,165.8061920838101,120.0,259.0,306.66417571452115,239.0,387.76,381.15244981503133,118.0,223.28,241.40828486197407,12.0,38.88,48.10866172877118,13.0,26.36,31.26083812056228,40.0,41.06,22.29444998200225,40.2,36.111999999999995,25.199955687791725,360.0,498.44,383.07626307738434,1204.0,1407.36,1071.877203787822,12.0,29.12,36.45353206480821,11.0,16.84,17.999259244017054,1.0,10.68,19.482299658921175,6.0,15.32,17.32224003990246,5.0,10.32,10.919096421713046,442.0,617.0,493.7607382798542,11.0,53.56,70.25671972606368,8.0,14.8,14.829587542027818,11.0,15.16,15.563525735942138,1.0,2.12,3.767404057614916,3.0,22.44,37.2335869880945,38.0,52.36,46.10303677633394,8.0,13.68,15.858015848985227,9.0,13.52,13.711673858431727,42.1,46.396,25.89801279377757
6,Crystal Palace,0.0,1.7619047619047619,3.1607714549578225,1.0,1.4761904761904763,2.0885173597326796,2.0,3.0476190476190474,2.906478805637338,0.0,0.14285714285714285,0.35856858280031806,1.0,2.238095238095238,3.1086132262596116,1.1,1.7428571428571429,1.977516479974675,11.0,19.19047619047619,20.225278854985035,44.0,45.714285714285715,35.98352797759394,10.0,45.42857142857143,58.87153083500668,0.0,0.09000000000000001,0.13560973416388664,0.08,0.15523809523809526,0.17517474268909453,0.08,0.1380952380952381,0.13779038600784338,0.12,0.10523809523809524,0.07928549978520963,0.0,0.06142857142857143,0.28150107840443017,0.0,3.261904761904762,14.947925481165479,0.0,1.380952380952381,6.328318816843779,0.0,2.380952380952381,10.91089451179962,35.5,31.12857142857143,18.61448744545879,0.35,0.5128571428571428,0.4726641816040523,0.0,0.06476190476190477,0.09080853746311784,17.7,18.295238095238094,5.62596446758031,452.0,469.04761904761904,352.4038132867572,75.7,74.22380952380952,6.9590879260076,7210.0,8438.809523809523,6883.693170232442,85.4,84.41428571428571,6.452153571815052,81.8,80.0,10.527487829487146,46.7,49.68095238095238,18.299497781294956,9.0,14.571428571428571,14.824208001007774,27.0,34.95238095238095,28.893729753142274,4.0,10.285714285714286,10.780272988857272,1.0,2.5714285714285716,3.641035959331198,44.0,45.714285714285715,35.98352797759394,24.0,33.666666666666664,31.692796237210327,2.03,2.2466666666666666,1.5337807318301182,3.0,3.380952380952381,3.138091625115342,0.17,0.18333333333333335,0.1698626896447049,21.0,30.904761904761905,27.033136632482663,12.0,18.285714285714285,17.020995438407404,23.0,26.61904761904762,19.85315136313676,13.0,13.380952380952381,9.189538565543922,17.0,18.714285714285715,15.981685947179844,2.0,5.380952380952381,6.3204128858500255,11.0,13.333333333333334,11.46443776786866,10.0,12.714285714285714,12.911788633426653,729.0,798.1904761904761,554.3935081733568,24.0,99.95238095238095,196.88612855924518,162.0,300.1904761904762,332.7988309846684,342.0,332.42857142857144,242.10464089491785,114.0,173.23809523809524,166.01834379426413,14.0,29.61904761904762,32.24511775521403,11.0,19.38095238095238,27.64141130708812,40.0,39.561904761904756,24.798114367638444,46.4,45.733333333333334,27.628994432178185,358.0,397.85714285714283,279.7417176100636,828.0,970.8571428571429,710.0227662345966,11.0,19.19047619047619,20.225278854985035,9.0,13.619047619047619,12.519888939108807,1.0,4.9523809523809526,7.017664785925518,13.0,18.952380952380953,18.64262908088929,12.0,13.571428571428571,13.264883823733356,473.0,464.8095238095238,315.85338672359035,10.0,45.42857142857143,58.87153083500668,10.0,16.0,14.553350129781116,18.0,16.19047619047619,13.970035961367628,1.0,3.0,4.743416490252569,7.0,23.238095238095237,29.279523155107494,57.0,66.14285714285714,49.02987427506389,14.0,20.333333333333332,20.264089748452392,19.0,25.666666666666668,23.50390038553885,42.9,40.919047619047625,19.069861537190537
7,Everton,1.0,1.4090909090909092,1.967814618376023,1.0,0.9090909090909091,1.1087999050492516,3.0,3.0454545454545454,2.0113315354397803,0.0,0.09090909090909091,0.29424494316824984,0.8500000000000001,1.6136363636363635,1.9317634318699475,0.9500000000000001,1.2363636363636363,1.082565495454225,11.0,18.454545454545453,18.867273941246147,32.5,39.22727272727273,32.63934496626487,23.0,38.5,38.19592349228608,0.04,0.09681818181818182,0.13109016757420075,0.1,0.15818181818181817,0.15849399458763827,0.055,0.11772727272727272,0.12809712900324682,0.06,0.085,0.07595424687960259,0.0,0.054090909090909085,0.25370885246317637,0.0,3.227272727272727,15.13725086124834,0.0,1.4227272727272728,6.673182421930607,0.0,4.545454545454546,21.320071635561042,32.05,30.74090909090909,23.78239963644402,0.275,0.3781818181818182,0.4013505339254591,0.05,0.07818181818181819,0.10422669266173357,17.0,16.522727272727273,6.380620347373445,367.0,423.8181818181818,310.6145423823455,73.7,74.30454545454546,7.905421724404881,6518.0,8010.636363636364,7157.084845139079,86.25,85.56818181818181,7.638834763024828,80.95,79.45454545454545,12.301595996831637,54.4,56.65909090909091,15.602522967255101,8.5,11.727272727272727,9.666741304384194,32.5,38.09090909090909,32.30348512955145,8.0,9.954545454545455,9.347662161138894,1.0,3.272727272727273,4.6412418102406106,32.5,39.22727272727273,32.63934496626487,24.5,27.5,18.783858318602526,1.835,1.95,1.1647031095233382,2.0,2.3636363636363638,2.059714602177749,0.11,0.16545454545454547,0.1620031531946883,22.5,28.40909090909091,26.883627679861906,12.5,16.545454545454547,16.24141464847043,18.5,24.545454545454547,21.259680758986622,7.0,11.545454545454545,10.613231960185015,11.5,15.181818181818182,14.042915053629827,3.0,5.590909090909091,9.1737674190056,7.5,9.590909090909092,8.145457927488474,8.5,12.636363636363637,12.045728168092085,623.0,733.6818181818181,476.262371304249,29.5,93.63636363636364,200.84026949995325,144.0,264.90909090909093,332.64021878226805,269.0,292.8636363636364,215.36000766259482,166.5,183.95454545454547,133.92374421315012,18.0,27.772727272727273,24.379796120444873,16.0,25.09090909090909,28.550555145814574,47.0,45.11818181818182,21.95566173566814,44.75,42.904545454545456,22.23569582520792,300.0,354.6818181818182,224.76535624505252,678.0,941.3636363636364,740.5593475111548,11.0,18.454545454545453,18.867273941246147,10.0,13.590909090909092,10.422773101924419,2.0,4.863636363636363,6.9302336560998095,11.5,19.59090909090909,18.737939844347604,10.0,15.090909090909092,13.215824176267201,404.0,419.90909090909093,255.22332127559136,23.0,38.5,38.19592349228608,14.5,16.954545454545453,13.196237821466113,12.0,14.272727272727273,11.84495801187283,1.0,3.227272727272727,6.078312878248984,6.5,25.90909090909091,33.796180526530186,52.0,58.72727272727273,44.3161604600633,10.0,23.454545454545453,28.002937384576324,14.5,21.681818181818183,22.250492479592793,50.6,48.33181818181818,18.436567864763624
8,Fulham,0.5,2.090909090909091,3.1000628397485124,1.0,1.7727272727272727,2.4286350895654123,2.0,3.0,2.8619008002508037,0.0,0.09090909090909091,0.29424494316824984,0.8,1.9,2.530763107199468,0.7,1.4590909090909092,1.7075906420643678,18.5,29.045454545454547,33.16836885710077,45.0,57.13636363636363,43.96459122277018,28.5,56.22727272727273,65.98263250437795,0.02,0.20045454545454547,0.34447305890546553,0.175,0.31272727272727274,0.432183622992223,0.07,0.15227272727272728,0.1650665614137815,0.09,0.10272727272727274,0.08316259565464101,0.0,0.06136363636363637,0.2878209670800741,0.0,3.1045454545454545,14.561608927088193,0.0,0.7318181818181819,3.4325315333253283,0.0,0.0,0.0,27.9,27.672727272727272,20.6995325877337,0.195,0.5772727272727273,0.6991503811135737,0.03,0.07954545454545454,0.11175983062021766,15.4,15.740909090909092,5.508578512596261,583.0,604.9090909090909,454.4792843611466,81.85,80.51363636363637,7.909144523876593,9961.5,10809.5,8838.906519043006,90.8,88.4590909090909,6.708037758001257,85.19999999999999,85.35909090909091,8.510646502828315,58.2,61.09090909090909,15.71374615366489,8.5,14.545454545454545,15.43874924840022,43.0,49.5,42.030317855657714,5.5,11.772727272727273,16.874697367817035,1.0,3.6363636363636362,6.313594211023691,45.0,57.13636363636363,43.96459122277018,24.5,34.13636363636363,30.022682622668345,2.245,2.4863636363636363,1.6681999008185167,2.0,3.8636363636363638,4.155265787676376,0.19,0.2509090909090909,0.23830570784102173,23.0,25.181818181818183,21.22360851602664,12.0,15.136363636363637,13.399699550808894,17.5,21.272727272727273,19.096700832447016,7.5,10.136363636363637,10.119737689737363,13.0,13.636363636363637,10.209917935146406,2.0,4.0,5.052109413285654,9.5,9.636363636363637,7.675225788801977,8.5,11.727272727272727,12.687383377580145,892.0,890.0909090909091,619.0871089635517,25.0,97.45454545454545,210.14954477426585,146.5,299.45454545454544,353.71238346494204,364.0,370.90909090909093,290.45775188089857,190.5,229.0,207.18981405372958,21.0,33.86363636363637,34.93980599960514,16.5,24.09090909090909,25.03884428131065,44.4,42.93181818181818,24.53742304868484,38.85,36.20909090909091,18.987136224068703,486.0,528.8181818181819,375.8165251902324,1120.0,1402.090909090909,1123.7322977721506,18.5,29.045454545454547,33.16836885710077,15.5,20.181818181818183,21.397900127585647,3.5,8.454545454545455,10.550230296413405,13.5,18.545454545454547,16.800587497457947,7.0,10.727272727272727,10.916051170646517,587.5,598.7727272727273,411.0134897355423,28.5,56.22727272727273,65.98263250437795,14.0,15.590909090909092,12.3159172692016,12.5,13.454545454545455,10.294368653493326,0.0,1.5909090909090908,2.986622409999868,12.0,31.863636363636363,44.61827028572538,50.5,59.5,40.939851350138404,13.5,19.727272727272727,19.964687440296796,16.0,19.40909090909091,19.17254756381061,50.0,46.95,21.15434774630096
9,Ipswich Town,0.0,1.0666666666666667,2.2884015402012388,0.0,0.8,1.0635010497214474,2.0,2.7,2.3657032197927808,0.0,0.1,0.30512857662936466,0.55,1.0233333333333332,1.7044937226562946,0.4,0.6933333333333334,0.9533727184212296,7.5,14.2,17.644770642728194,19.5,26.433333333333334,24.6697963221165,14.5,26.066666666666666,34.8097621398062,0.0,0.09000000000000001,0.14593338111665177,0.07500000000000001,0.16633333333333333,0.20831811438664952,0.045,0.09566666666666666,0.11646172475682012,0.035,0.060333333333333336,0.06321737721235511,0.0,0.225,0.6953428824241541,0.0,6.363333333333333,19.484644410819815,0.0,0.7433333333333334,3.1822442019618076,0.0,0.0,0.0,14.3,23.30666666666667,24.846812510944396,0.09,0.313,0.4079819975744366,0.0,0.05733333333333334,0.072536950552131,15.55,13.270000000000001,8.22146685460565,195.5,324.8,294.2495305126188,75.2,75.09666666666666,8.3294443799188,4099.5,5771.666666666667,5311.512261658362,87.0,87.10666666666665,7.008021676342901,84.5,81.34333333333333,11.795284953168226,47.15,43.556666666666665,19.94336262127523,4.5,7.833333333333333,10.828071224220018,16.5,24.666666666666668,27.125930250482156,3.5,4.633333333333334,5.910151018161149,0.0,1.4,2.7618085029372605,19.5,26.433333333333334,24.6697963221165,11.5,18.2,20.442349551174733,1.395,1.5910000000000002,1.269833956020262,1.0,1.7333333333333334,2.0160277319749236,0.1,0.14833333333333334,0.18442984524228165,11.5,16.866666666666667,15.316732642785624,7.0,9.566666666666666,8.692776760971833,12.0,17.533333333333335,16.181584538014796,6.5,9.333333333333334,9.39307644265026,8.0,12.166666666666666,12.849482300945002,2.0,5.133333333333334,8.865793751863098,5.0,7.033333333333333,7.256309185013118,5.0,9.1,9.177746699640311,369.0,539.6333333333333,442.55835253929945,24.5,83.83333333333333,124.60450075818048,105.5,217.93333333333334,234.74842489036163,141.5,213.9,203.00133344219773,100.0,113.63333333333334,119.77060929366067,11.5,16.866666666666667,20.575736184647923,7.0,17.4,25.390196316009792,38.5,32.876666666666665,22.747454322647176,42.25,33.35,21.960038157117783,205.5,268.3333333333333,213.54549435874205,544.5,727.2333333333333,589.8011753436759,7.5,14.2,17.644770642728194,6.5,9.433333333333334,10.510038988520922,1.5,4.266666666666667,7.413563214826584,11.0,15.633333333333333,19.730045936177596,5.0,9.9,13.64664920347697,236.5,321.7,268.7693729986156,14.5,26.066666666666666,34.8097621398062,8.0,12.266666666666667,13.982583583807425,7.5,11.333333333333334,11.167481527997301,0.5,1.4666666666666666,2.7759227522459593,5.5,14.4,28.557986985949398,33.5,41.166666666666664,33.78234933270305,7.0,15.433333333333334,20.777446879984428,12.0,15.3,16.362594010688547,55.25,52.526666666666664,26.6744735698736
10,Leicester City,0.0,1.0384615384615385,1.7995725988304938,0.0,0.8076923076923077,1.132050556087696,2.0,2.8846153846153846,2.405442546841193,0.0,0.0,0.0,0.35,1.073076923076923,1.935677182240405,0.4,0.8461538461538461,1.0370075290877183,12.5,19.53846153846154,21.433116001609786,25.5,36.15384615384615,33.565091756397514,19.0,35.73076923076923,38.60627689100071,0.0,0.06192307692307693,0.09612571896300098,0.06,0.1223076923076923,0.14205091178328122,0.04,0.06769230769230769,0.08585139217544195,0.025,0.0673076923076923,0.08248916012702238,0.0,0.3153846153846154,0.9434796479807321,0.0,6.257692307692308,18.02736082907142,0.0,0.15384615384615385,0.7844645405527361,0.0,0.9615384615384616,4.9029033784546,28.3,26.069230769230767,20.786645120957242,0.22,0.2857692307692308,0.2775777091471587,0.0,0.04923076923076923,0.07098862314050482,16.4,14.807692307692308,8.959103663957597,366.0,455.5769230769231,348.637023057153,77.55,77.91923076923078,8.384701269849476,5350.0,7633.923076923077,5995.71893219205,88.75,88.67692307692307,7.026538703646777,82.85,84.28846153846153,9.043111275355493,51.0,55.07692307692308,18.387763489719084,6.0,8.307692307692308,8.47003768949929,20.5,32.53846153846154,30.625780994751164,5.0,7.346153846153846,8.182626999648988,1.0,2.3076923076923075,3.9473457489227446,25.5,36.15384615384615,33.565091756397514,13.0,19.076923076923077,17.474376845937773,1.395,1.353076923076923,0.985514157100827,1.0,1.8076923076923077,2.349795408442714,0.05500000000000001,0.12730769230769232,0.15711289424633976,20.0,23.884615384615383,21.01680646164288,12.0,13.73076923076923,12.298154958554369,18.0,22.76923076923077,20.976763701405787,8.0,11.846153846153847,11.449689280298596,14.0,16.23076923076923,13.179704677443093,3.0,6.076923076923077,7.402286549022954,8.0,10.153846153846153,8.412810744060788,8.0,10.76923076923077,11.458822600276845,726.5,710.7692307692307,494.8124741913694,27.5,92.38461538461539,152.30445217998763,133.5,258.2307692307692,262.0664507627495,298.0,323.61538461538464,262.1044184172525,95.5,136.15384615384616,128.18664276988997,14.5,20.807692307692307,23.09808516872207,11.0,21.23076923076923,25.465753776093397,41.0,40.44615384615384,29.862688837668063,49.75,44.146153846153844,27.72222546289141,415.5,402.15384615384613,267.8578268123136,1080.5,1019.6538461538462,705.5444389863869,12.5,19.53846153846154,21.433116001609786,8.0,12.384615384615385,11.950152879614295,2.5,4.538461538461538,5.8530728287337705,12.0,16.307692307692307,15.223059431715377,7.0,10.615384615384615,11.903199311368093,458.5,451.38461538461536,307.1489641100001,19.0,35.73076923076923,38.60627689100071,12.5,12.923076923076923,9.951575058946508,10.5,12.461538461538462,11.013558078044603,0.5,2.0384615384615383,4.512035188078827,9.0,21.115384615384617,26.48671655464591,40.0,49.0,36.393405996141674,11.0,16.576923076923077,16.002932423585563,14.5,18.346153846153847,16.326523959967247,49.75,44.80384615384616,22.950546499275017
11,Liverpool,1.0,3.5238095238095237,6.217869792935902,2.0,2.6666666666666665,3.928528138289623,2.0,2.761904761904762,2.2782616597915593,0.0,0.09523809523809523,0.30079260375911915,1.6,3.3904761904761904,5.195662110059196,1.2,2.461904761904762,2.9459253538533847,21.0,33.19047619047619,34.6693222426096,60.0,76.57142857142857,63.39524542784847,51.0,75.80952380952381,101.73230511868834,0.04,0.1676190476190476,0.24470195671274803,0.19,0.3223809523809524,0.36370186639478164,0.07,0.1842857142857143,0.21010881534508322,0.11,0.1361904761904762,0.12056020033477842,0.0,0.09857142857142859,0.3156625684854908,0.0,6.652380952380952,21.022407546416254,0.0,3.6380952380952385,11.504367700594248,0.0,4.761904761904762,21.82178902359924,31.7,27.06190476190476,17.543530892909676,0.35,0.5095238095238095,0.4736821317136228,0.05,0.06523809523809523,0.07194574675538838,14.7,13.314285714285715,6.657122930687529,564.0,733.8571428571429,594.2984339298132,84.3,82.83809523809524,7.635867743123645,10648.0,12474.190476190477,10532.07683042166,92.3,91.3,5.993746741396402,89.4,86.74285714285713,9.844164333683759,60.2,60.400000000000006,14.900805347362938,10.0,20.095238095238095,20.80121333457441,34.0,63.80952380952381,66.39700222722337,8.0,17.571428571428573,21.765962943484556,1.0,3.2857142857142856,5.710891849289891,60.0,76.57142857142857,63.39524542784847,33.0,45.523809523809526,42.009069315588334,2.55,2.5423809523809524,1.478979055841917,4.0,6.190476190476191,6.153202805198668,0.36,0.36333333333333334,0.2831136403166286,24.0,26.38095238095238,22.087272784289578,15.0,16.095238095238095,13.442115763170477,19.0,26.952380952380953,26.268757470569845,9.0,12.857142857142858,13.41001757748928,9.0,14.523809523809524,14.091199550141386,2.0,3.8095238095238093,4.388838657538548,8.0,10.714285714285714,12.235778917350776,6.0,12.142857142857142,15.30452780808906,726.0,1038.3809523809523,769.5496394769135,26.0,93.28571428571429,141.85384832888494,155.0,283.76190476190476,299.0412855713914,264.0,468.76190476190476,438.8735472504472,183.0,294.9047619047619,268.703722482943,39.0,52.0,67.88519720822795,16.0,26.714285714285715,33.71074436606652,47.1,52.166666666666664,23.611466141121635,40.0,36.44285714285714,20.593847902433666,465.0,598.3333333333334,431.7097790568721,1318.0,1627.142857142857,1177.9949187375253,21.0,33.19047619047619,34.6693222426096,16.0,22.571428571428573,20.553762255537134,5.0,13.142857142857142,24.73921121274022,19.0,21.333333333333332,23.433594118985106,10.0,13.666666666666666,15.36012152729702,520.0,725.7619047619048,536.5339602263685,51.0,75.80952380952381,101.73230511868834,15.0,17.428571428571427,15.683020846034186,11.0,14.238095238095237,12.82538405625641,1.0,2.4761904761904763,4.190692635102789,6.0,28.666666666666668,41.89669835838301,58.0,64.57142857142857,45.94950644846082,9.0,16.666666666666668,24.023599508261317,12.0,14.857142857142858,12.260855248659102,45.9,51.03809523809524,21.910077046657694
12,Manchester City,1.0,2.44,4.4071910933533776,0.0,1.76,2.367840084690405,2.0,2.2,1.632993161855452,0.0,0.04,0.2,1.1,2.36,4.169432415409401,1.5,1.892,2.113827492173064,31.0,38.52,41.823159453425646,55.0,64.52,55.03871364775888,18.0,63.88,72.11467719311145,0.05,0.19399999999999998,0.30177254127350067,0.25,0.296,0.3159377575831459,0.07,0.1684,0.2574179480922028,0.07,0.12120000000000002,0.12975361266646876,0.0,0.11239999999999999,0.39593012851596254,0.0,5.316,18.408686355450065,0.0,2.072,7.370861550727974,0.0,0.0,0.0,26.7,26.256,22.411605624467576,0.33,0.4836,0.5829656936733071,0.07,0.11120000000000001,0.2041714965415104,17.7,15.315999999999999,7.415787213775756,649.0,724.28,531.4265016600759,87.7,86.624,6.810058736897943,9657.0,11710.16,8648.024021320323,94.4,92.148,6.060811276828649,91.7,89.396,7.966778939236774,65.7,61.792,11.712277034519518,9.0,16.16,15.699469205464666,40.0,55.8,56.13599558215744,11.0,14.6,15.152007567755943,0.0,2.16,3.009429624807111,55.0,64.52,55.03871364775888,31.0,37.24,31.906477921157848,2.25,2.4712,1.7799867040701924,3.0,4.24,4.17612260356422,0.29,0.2916,0.24741463174194042,13.0,16.92,15.451321410589234,6.0,10.36,10.099009852455834,12.0,15.16,14.205867332432284,5.0,7.8,7.499999999999999,11.0,10.96,8.492545751029741,1.0,3.0,4.203173404306164,9.0,7.96,6.281454184077654,5.0,7.6,7.76745346515403,851.0,942.84,629.2256272594116,32.0,71.12,127.9900126311945,189.0,220.8,220.5013227473553,331.0,402.72,349.4497484140841,324.0,326.96,259.54519195443913,19.0,45.2,50.017496938571405,21.0,27.08,38.08424871255832,44.8,44.52,28.603175814350877,33.3,34.6,24.989397751846685,563.0,606.64,415.73528035678345,1674.0,1878.52,1404.6033876744946,31.0,38.52,41.823159453425646,22.0,28.92,25.848791074245618,3.0,13.64,21.67925275465001,10.0,15.6,14.27118308573843,9.0,13.4,13.90443574307614,630.0,714.44,487.5186389599205,18.0,63.88,72.11467719311145,8.0,9.76,7.62823701781742,12.0,12.76,10.947906953690584,0.0,1.6,2.2730302828309763,3.0,21.4,28.49707587338275,46.0,48.44,33.103474137920934,5.0,10.24,12.991279126142018,8.0,10.52,10.25150395470505,52.1,45.004,22.029553634455088
13,Manchester Utd,0.0,1.44,2.218858565419016,0.0,0.96,2.1307275752662513,2.0,2.84,2.3923489154664153,0.0,0.12,0.43969686527576396,0.8,1.7080000000000002,2.1997954450357424,0.6,1.252,1.5658118235173302,9.0,22.32,30.692995943700254,42.0,46.4,54.00308633155455,18.0,46.12,63.660113100747786,0.0,0.0784,0.11628556803547606,0.06,0.1244,0.1902209241907945,0.07,0.1272,0.14670037491431304,0.07,0.084,0.07522189397597838,0.0,0.0528,0.26400000000000007,0.0,2.792,13.959999999999997,0.0,1.16,5.8,0.0,1.0,5.0,25.0,24.272,18.72706419419054,0.25,0.4068,0.47523432816523964,0.0,0.048,0.06645800679125627,15.6,13.068,7.558754306541962,539.0,554.88,452.2311650767411,81.6,82.57600000000001,6.03967990321783,7845.0,9127.12,8012.446761757608,89.9,89.46799999999999,4.804400760414005,86.5,84.988,9.191224075170835,55.2,59.312,16.20522858010134,7.0,13.0,16.55546234127375,25.0,37.04,38.77765679700963,6.0,10.48,13.291977530325076,1.0,2.36,2.8266588050205144,42.0,46.4,54.00308633155455,25.0,30.12,34.65222455581556,1.89,2.204,1.4027027482684993,1.0,2.36,3.925132694147634,0.06,0.1356,0.21492401758140792,15.0,27.48,27.05260307869343,9.0,16.44,16.40142270251781,15.0,24.04,23.908645577140778,6.0,10.92,12.037856952132303,10.0,12.6,10.739335795724674,2.0,3.76,5.0767443635989125,8.0,8.84,8.148005891014071,7.0,12.88,12.865716717954996,749.0,817.68,638.7411264876145,21.0,84.6,188.54994917351036,143.0,287.6,319.4283957321265,313.0,349.0,298.45770219580527,126.0,188.76,210.98188705826541,20.0,31.32,35.161200207046406,6.0,21.12,24.483531880293192,41.3,43.812,29.33080462585368,49.2,42.983999999999995,27.171564180223413,516.0,500.16,387.9680699920205,775.0,1243.76,1073.1701589216873,9.0,22.32,30.692995943700254,10.0,15.44,17.535868004369405,1.0,7.64,15.091056954368703,8.0,16.4,17.068489485989478,6.0,12.08,13.316405921519015,552.0,548.96,422.1935259254142,18.0,46.12,63.660113100747786,9.0,13.68,11.179296340408312,7.0,12.08,10.870142593360955,1.0,2.32,3.0512292604784714,6.0,20.24,34.84881633570931,53.0,57.64,50.177086404055,10.0,15.76,15.987703608294302,13.0,16.48,17.246062352510112,45.8,46.048,24.469149283672834
14,Newcastle Utd,0.0,2.5,4.6675169293441545,0.5,1.8636363636363635,2.730697705113101,2.0,2.409090909090909,2.557139229483025,0.0,0.045454545454545456,0.21320071635561041,0.55,2.4272727272727272,3.8816027394415094,0.6499999999999999,1.75,2.154231715882552,15.5,27.227272727272727,30.056980519042128,52.5,56.31818181818182,54.83949425250136,26.0,55.68181818181818,62.90157569654536,0.0,0.1318181818181818,0.22001377367351482,0.12,0.2318181818181818,0.30818418060875413,0.11,0.14727272727272728,0.16725178675625613,0.07,0.09818181818181819,0.0964432408274354,0.0,0.115,0.37275997639231606,0.0,6.4409090909090905,20.847305617636817,0.0,3.3545454545454545,11.585858673923191,0.0,0.0,0.0,24.25,20.854545454545455,18.027590686889525,0.2,0.3577272727272727,0.4244091895484359,0.0,0.065,0.09495613022162742,14.6,14.313636363636363,5.867610485866697,422.0,559.6818181818181,455.435990627049,81.8,80.15454545454546,5.8132629369422135,7061.5,9388.545454545454,8010.816341061406,88.5,88.60909090909091,5.457533813424831,85.85,86.32272727272726,8.593459961654224,50.85,50.25454545454545,16.296003812583635,9.0,14.318181818181818,15.369686812920836,25.0,41.22727272727273,43.696934422474975,7.5,13.409090909090908,16.013860338585538,0.5,2.5,4.114434521118476,52.5,56.31818181818182,54.83949425250136,29.5,33.68181818181818,31.76458999403546,2.2,2.0959090909090907,1.4206760935450988,2.5,4.363636363636363,5.0289206883826765,0.16999999999999998,0.2218181818181818,0.2187983712753075,21.0,23.40909090909091,20.551118822304662,13.0,14.681818181818182,13.105383712470315,26.5,23.272727272727273,21.24053137659633,9.0,11.136363636363637,10.329317750694146,16.0,16.318181818181817,13.119909856094083,2.5,5.409090909090909,6.95330747547416,10.0,10.909090909090908,9.521449924145411,6.0,10.590909090909092,10.983360102181805,761.0,844.7272727272727,640.809546167092,25.0,86.95454545454545,131.22589657051665,131.5,284.04545454545456,305.89750497476035,254.0,352.95454545454544,309.48859156952506,152.0,216.3181818181818,200.59943179040172,25.0,38.31818181818182,41.76052631901995,9.0,25.227272727272727,28.731817137405635,40.599999999999994,39.25,24.814430325537447,41.7,38.70909090909091,21.971993192436702,416.0,484.8181818181818,374.74392988681353,1462.0,1311.3181818181818,991.2634259638958,15.5,27.227272727272727,30.056980519042128,15.5,17.136363636363637,15.757977434107868,3.5,9.772727272727273,14.803255170278044,15.5,17.5,16.4309522084446,7.0,17.318181818181817,19.96279006083536,513.5,555.2272727272727,436.1209893091793,26.0,55.68181818181818,62.90157569654536,9.0,14.636363636363637,14.98426302919628,9.0,16.90909090909091,22.59774344172464,2.0,2.8181818181818183,4.147705775903494,10.5,24.318181818181817,35.46478651072191,45.0,62.68181818181818,53.190928660579814,8.0,17.227272727272727,25.429513820759002,9.5,16.954545454545453,18.017127493495824,50.0,47.83181818181818,24.686961786560172
15,Nott'ham Forest,1.0,2.380952380952381,4.055566427469664,1.0,1.7142857142857142,2.390457218668787,2.0,3.1904761904761907,2.6195237662416355,0.0,0.09523809523809523,0.30079260375911915,1.4,1.9095238095238096,2.477075849041519,1.1,1.3904761904761904,1.3615817132676107,13.0,25.523809523809526,32.19102211427753,34.0,43.95238095238095,39.85031516873635,19.0,43.523809523809526,54.34852256282505,0.04,0.1280952380952381,0.17154063797301936,0.19,0.22523809523809527,0.21726985634503118,0.08,0.1219047619047619,0.1408765078932271,0.07,0.09285714285714286,0.08603155567248898,0.0,0.056666666666666664,0.2596792893808309,0.0,3.5476190476190474,16.257232822581432,0.0,1.9333333333333333,8.859646343581291,0.0,0.0,0.0,34.0,37.042857142857144,27.077381177443495,0.32,0.46095238095238095,0.43377303698944636,0.05,0.07571428571428572,0.08559038664309379,18.3,16.9,8.07564238930873,418.0,422.42857142857144,310.00105990602214,78.0,74.07142857142857,8.559038664309377,6008.0,7209.666666666667,5757.437175804294,88.1,85.96190476190476,7.6497370013926735,81.6,78.3952380952381,11.577455514510785,46.0,46.7,18.339356586314583,11.0,13.761904761904763,14.243962797988353,26.0,37.04761904761905,34.08148498888538,8.0,9.476190476190476,9.912714298410137,1.0,2.3333333333333335,3.1358146203711295,34.0,43.95238095238095,39.85031516873635,29.0,32.666666666666664,30.43572462310259,1.75,2.051904761904762,1.320808915201662,2.0,3.8095238095238093,4.697010193932387,0.18,0.2361904761904762,0.2477998424227947,21.0,27.571428571428573,23.79195542314971,13.0,16.857142857142858,14.940835700474437,20.0,26.19047619047619,24.549173199150818,7.0,12.952380952380953,12.721934563878996,11.0,17.714285714285715,17.27756596613903,4.0,6.476190476190476,9.703705723171161,8.0,11.238095238095237,10.123758007305202,12.0,12.80952380952381,10.552815015999512,886.0,747.7619047619048,509.10469500505536,31.0,99.38095238095238,164.4245955416878,159.0,256.5238095238095,266.5778721213783,254.0,298.42857142857144,238.94488306481296,158.0,202.42857142857142,192.43273407312267,21.0,31.523809523809526,29.6995270124274,11.0,24.714285714285715,26.488002675065662,39.4,42.27619047619047,29.076604078913768,37.5,33.7047619047619,25.235936205944018,371.0,342.76190476190476,245.04242586986945,849.0,1062.4761904761904,936.7811173933652,13.0,25.523809523809526,32.19102211427753,10.0,16.285714285714285,17.076717650482063,2.0,7.666666666666667,12.013880860626733,17.0,22.857142857142858,21.875295916365825,9.0,12.714285714285714,11.853872182299153,461.0,419.4761904761905,299.93976379393564,19.0,43.523809523809526,54.34852256282505,12.0,16.0,12.680693987317888,10.0,16.714285714285715,15.611351181569317,1.0,3.5714285714285716,5.436648127030373,8.0,23.238095238095237,34.925498939749964,50.0,63.142857142857146,49.07064877733502,14.0,22.523809523809526,24.152886054505057,19.0,22.523809523809526,24.778254675458978,43.8,47.54761904761905,17.77860003058787
16,Southampton,0.0,0.7586206896551724,1.0907131485472215,0.0,0.4827586206896552,0.8289705171033535,2.0,2.689655172413793,2.8797748954173246,0.0,0.10344827586206896,0.4092525928189875,0.4,1.006896551724138,1.3611788573781913,0.5,0.7517241379310345,0.847947391248492,10.0,19.17241379310345,25.22055421040154,21.0,34.0,36.6576828821151,19.0,32.96551724137931,35.42243312468677,0.0,0.0506896551724138,0.08434330503038327,0.06,0.09448275862068967,0.13457834167971117,0.04,0.07689655172413792,0.09277867089692013,0.03,0.05551724137931035,0.05816148743532663,0.0,0.2517241379310345,0.7551776941579343,0.0,6.993103448275862,20.963521566120562,0.0,0.28620689655172415,1.5412713068695307,0.0,0.9862068965517242,5.310886671863685,16.7,20.024137931034485,23.204012201901847,0.1,0.21137931034482757,0.3024037525505433,0.0,0.0496551724137931,0.0863747135046185,17.3,14.782758620689656,8.329468726220403,242.0,462.62068965517244,440.6773531243128,80.2,81.11379310344829,7.884465927104069,3918.0,7832.896551724138,7813.912118526745,90.8,89.89310344827587,6.801729351237648,89.5,85.61724137931034,10.801159625757032,55.2,51.55172413793103,19.453325472041595,5.0,8.03448275862069,8.13933464559029,12.0,29.655172413793103,36.343869459520135,5.0,6.482758620689655,7.38541366311796,1.0,1.793103448275862,2.5548177226681186,21.0,34.0,36.6576828821151,15.0,18.24137931034483,17.831863880652747,1.4,1.4113793103448276,0.8128245467764643,1.0,1.2758620689655173,1.750439775846914,0.06,0.10793103448275862,0.14241236178147368,12.0,19.17241379310345,18.055606500707043,7.0,11.068965517241379,10.599632859149814,12.0,17.17241379310345,13.416591448962526,10.0,8.96551724137931,6.8006447100923015,7.0,12.310344827586206,13.817957902350585,2.0,5.344827586206897,8.615914933875755,5.0,6.9655172413793105,7.447352159471991,5.0,9.03448275862069,11.59890006675722,429.0,670.8965517241379,581.345259157437,34.0,86.55172413793103,155.5654630709934,156.0,246.27586206896552,294.90566246461697,186.0,289.13793103448273,282.0977191554539,122.0,141.27586206896552,137.0859731679681,15.0,20.06896551724138,19.25195914795382,5.0,21.103448275862068,29.494969095939787,42.9,43.210344827586205,30.334037280487248,41.9,38.02068965517241,29.678038769798704,253.0,374.48275862068965,329.77672324182953,599.0,1014.4827586206897,1024.4008569713062,10.0,19.17241379310345,25.22055421040154,8.0,14.03448275862069,17.03459244893983,1.0,4.827586206896552,7.151767840976909,9.0,13.551724137931034,13.720647128888197,5.0,10.517241379310345,13.138331840336429,321.0,457.6551724137931,399.4947054773486,19.0,32.96551724137931,35.42243312468677,10.0,13.551724137931034,12.531634846307254,8.0,12.379310344827585,13.885793853286192,0.0,1.4137931034482758,2.598313208043556,5.0,16.20689655172414,24.082268685168152,23.0,42.689655172413794,40.91027067015591,6.0,13.310344827586206,19.51758080785457,7.0,11.310344827586206,12.279784340462818,54.5,54.51379310344828,23.01367177722735
17,Tottenham,0.0,2.111111111111111,3.1905308617042367,1.0,1.5925925925925926,2.2576239936858613,2.0,2.2962962962962963,2.350365189543217,0.0,0.037037037037037035,0.19245008972987523,0.7,1.977777777777778,2.877276133553739,0.6,1.4814814814814814,2.011512449919795,15.0,26.88888888888889,28.29831923975118,45.0,53.18518518518518,45.38725425714635,30.0,52.81481481481482,67.90153336720927,0.0,0.1451851851851852,0.22409425164031677,0.15,0.2651851851851852,0.31162564289631445,0.08,0.14592592592592593,0.16955278867700216,0.07,0.1062962962962963,0.11516370115048433,0.0,0.19037037037037038,0.5624840611860207,0.0,7.229629629629629,20.944502028985205,0.0,2.196296296296296,6.502217460899929,0.0,0.0,0.0,37.2,30.937037037037037,22.359719073303157,0.3,0.4188888888888889,0.41462989366174346,0.0,0.0725925925925926,0.09721477382945584,15.1,14.1,7.038520386471097,659.0,542.1111111111111,357.33482825940644,84.8,81.3851851851852,8.282776555261375,9970.0,8936.333333333334,6139.757455745676,91.4,89.9962962962963,6.635712325189972,90.1,84.95925925925927,10.771374430522187,55.6,55.56296296296296,14.822959014991373,6.0,12.666666666666666,16.893330500070594,36.0,42.25925925925926,37.89722193247719,7.0,12.481481481481481,16.206291205697703,1.0,2.7037037037037037,4.366082690774198,45.0,53.18518518518518,45.38725425714635,15.0,28.962962962962962,35.36891451486904,1.7,1.9462962962962964,1.5563447021495052,2.0,3.6296296296296298,4.4819994520659066,0.26,0.26407407407407407,0.2655366012618347,12.0,21.37037037037037,20.009897835721485,6.0,13.592592592592593,13.471506281091267,14.0,19.40740740740741,17.16718528799205,8.0,9.555555555555555,8.186918896974674,15.0,13.74074074074074,11.261208408284379,4.0,4.666666666666667,4.8357641986159114,9.0,9.074074074074074,8.380040049132894,9.0,9.88888888888889,10.16530045465127,833.0,784.5925925925926,498.9607090481065,42.0,80.03703703703704,106.51452825481006,207.0,254.22222222222223,214.18204574134765,359.0,331.48148148148147,247.68223599703316,130.0,206.7037037037037,221.09270850705536,20.0,33.407407407407405,41.25088274977067,19.0,25.88888888888889,28.06220197146296,41.9,42.096296296296295,25.744834903656386,48.0,41.58518518518518,24.83127221412708,564.0,494.4074074074074,303.91980967395114,1378.0,1352.6296296296296,844.4539040180915,15.0,26.88888888888889,28.29831923975118,17.0,18.40740740740741,16.818623512823418,4.0,8.296296296296296,11.694228737073075,13.0,16.814814814814813,17.47093638685741,10.0,13.555555555555555,15.618857767094172,587.0,537.8888888888889,333.06586705165654,30.0,52.81481481481482,67.90153336720927,10.0,13.777777777777779,12.388994288770153,10.0,15.296296296296296,14.935282992386787,1.0,1.9259259259259258,2.88131815355304,10.0,24.074074074074073,39.28781953141156,56.0,53.370370370370374,39.349663421635654,8.0,13.074074074074074,13.035236051463698,11.0,13.148148148148149,12.663404888173769,50.0,50.670370370370364,22.98832169761278
18,West Ham,0.0,1.32,2.1931712199461306,1.0,0.8,1.118033988749895,2.0,2.76,2.5212430796467578,0.0,0.12,0.33166247903553997,1.0,1.6480000000000001,2.0623853503487974,1.0,1.1440000000000001,1.2034949106664308,11.0,20.88,27.49896967766853,29.0,40.68,36.86995163182796,18.0,40.36,51.65258948010255,0.0,0.0892,0.14366976021418007,0.06,0.16,0.2457471600378459,0.07,0.1396,0.16493635136015347,0.09,0.1052,0.09987992791347018,0.0,0.1348,0.4665576063038732,0.0,5.472,19.02348373283225,0.0,1.4680000000000002,5.1031624182135005,0.0,0.0,0.0,25.0,20.956,15.70692734645025,0.13,0.3644,0.42048662285499644,0.0,0.045200000000000004,0.06646552991338192,16.4,16.344,7.232973109309892,424.0,482.88,368.98343684597376,79.1,78.22800000000001,7.760880534234931,7540.0,8512.0,6660.763870107792,89.1,88.428,6.998721311782605,84.7,82.756,10.994509235674567,53.0,52.372,18.871153471193367,9.0,11.16,11.081816938871834,36.0,35.8,31.012094414921414,4.0,8.96,10.849270328767123,1.0,2.44,3.40440890610984,29.0,40.68,36.86995163182796,14.0,27.76,27.588161712348043,2.37,2.262,1.586563371987811,1.0,1.96,2.6217042802980908,0.11,0.1292,0.15984158824703082,15.0,21.64,19.1613325910978,10.0,12.92,11.557537223243829,20.0,17.84,13.795168236258181,7.0,8.6,7.20532210707243,14.0,15.52,12.61652355709237,4.0,5.84,7.684833548403418,9.0,9.68,7.581336733496716,7.0,11.52,14.092314690402473,617.0,756.04,542.4911274236043,33.0,99.08,161.91122052944118,195.0,278.84,284.5878130442928,318.0,321.56,262.76368977974613,97.0,162.92,166.6490624036031,22.0,28.32,35.740639800279645,11.0,26.68,41.0768791414343,50.0,50.044,24.470612987826843,40.0,35.18,23.52645673846078,284.0,383.4,286.5306848024018,695.0,986.24,867.0790659834122,11.0,20.88,27.49896967766853,10.0,13.48,15.340903928169725,2.0,5.96,11.756133151111664,10.0,16.6,18.085445345175586,6.0,13.52,20.786854820615197,361.0,479.24,351.45984597580036,18.0,40.36,51.65258948010255,12.0,14.64,12.848086757697947,11.0,13.8,15.49462272316862,1.0,2.52,3.9908228057214803,11.0,20.56,24.93170672055966,38.0,52.76,44.819341063131816,9.0,19.96,24.7192232887686,11.0,19.16,18.091618685641887,50.0,51.848,16.98690966597515
19,Wolves,1.0,2.0,3.6680438185149113,1.0,1.565217391304348,1.973139790387662,2.0,3.0434782608695654,2.6020666763444575,0.0,0.08695652173913043,0.2881040655200304,0.7,1.6565217391304348,2.291054954889583,0.9,1.3130434782608698,1.6709562716181652,12.0,21.82608695652174,25.5087367812268,30.0,43.0,38.10153898108674,28.0,42.34782608695652,44.54987878327778,0.07,0.11608695652173913,0.1591951098619319,0.15,0.21826086956521742,0.2396712174836991,0.07,0.11565217391304349,0.13041284400481007,0.07,0.0808695652173913,0.07925293475944087,0.0,0.18217391304347824,0.6119711558988494,0.0,5.3478260869565215,17.718400029481867,0.0,1.0434782608695652,5.004345937369794,0.0,0.8695652173913043,4.170288281141495,27.8,28.9,18.749593934996906,0.25,0.3626086956521739,0.4099469743017143,0.06,0.08521739130434783,0.10845483204028014,17.4,16.034782608695654,6.822530102245606,465.0,510.4782608695652,364.845031805562,80.4,77.56521739130434,8.865080048638855,9467.0,8755.08695652174,5753.676428740177,90.4,88.17826086956521,6.96778016833972,86.3,84.41304347826087,9.714015383025707,56.8,51.108695652173914,18.9020660978317,10.0,11.391304347826088,11.59835070733916,22.0,36.869565217391305,31.32861652608897,4.0,10.043478260869565,11.44742234133386,1.0,2.4782608695652173,2.9980230640357184,30.0,43.0,38.10153898108674,18.0,27.26086956521739,25.186968837267543,1.79,1.7969565217391303,1.0476312449027294,3.0,3.5652173913043477,3.4618188461154573,0.19,0.25217391304347825,0.23139805376998643,19.0,29.0,24.9162232655389,12.0,17.08695652173913,15.791001590313911,17.0,24.26086956521739,21.084715255163026,7.0,11.0,12.056684302229876,13.0,16.608695652173914,11.888646724863877,4.0,5.478260869565218,5.509244835376849,9.0,11.130434782608695,9.822535998342545,9.0,11.391304347826088,9.193570532194485,674.0,797.7391304347826,510.3996845068226,55.0,95.21739130434783,137.95584159160865,304.0,281.04347826086956,228.07125646103546,296.0,359.0,282.38255805008407,119.0,167.6086956521739,169.96276039458942,19.0,26.217391304347824,29.034394214979415,13.0,25.391304347826086,31.443656869267812,44.8,39.7304347826087,26.349114782139676,40.0,37.7304347826087,24.60022976209422,390.0,436.7391304347826,272.1575775824975,938.0,1226.1739130434783,833.5826649400392,12.0,21.82608695652174,25.5087367812268,12.0,16.52173913043478,19.59561538437847,2.0,5.304347826086956,7.985411599847081,15.0,21.304347826086957,21.14115930124908,10.0,12.91304347826087,13.571068972025683,443.0,506.30434782608694,326.75838095707917,28.0,42.34782608695652,44.54987878327778,14.0,18.217391304347824,16.370584822504966,8.0,15.391304347826088,14.892765572692065,1.0,2.4347826086956523,3.2728370644737086,10.0,19.91304347826087,27.89087997483677,42.0,60.43478260869565,45.8919938422186,10.0,16.304347826086957,16.023944533696202,14.0,17.52173913043478,18.7249701182366,40.9,46.98695652173913,23.759042380989598
