,Player,Values,Nation,Team,Pos,Age,MP,Starts,Min,Gls,Ast,CrdY,CrdR,xG,xAG,PrgC,PrgP,PrgR,Gls/90,Ast/90,xG/90,xGA/90,GA90,Save%,CS%,PSave%,SoT%,SoT/90,G/sh,Dist,Cmp,Cmp%,TotDist,SCmp%,MCmp%,LCmpt%,KP,1/3(passing),PPA,CrsPA,PrgP(passing),SCA,SCA90,GCA,GCA90,Tkl,TklW,Att(defense),Lost(defense),Blocks,Sh,Pass,Int,Touches,Def Pen,Def 3rd,Mid 3rd,Att 3rd,Att Pen,Att(possession),Succ%,Tkld%,Carries,PrgDist,PrgC(possession),1/3(possession),CPA,Mis,Dis,Rec,PrgR(possession),Fls,Fld,Off,Crs,Recov,Won,Lost,Won%
0,Erling Haaland,€199.6M,no NOR,Manchester City,FW,24-280,28,28,2480.0,21,3,2,0,20.8,2.8,19,18,103,0.76,0.87,0.76,0.1,N/a,N/a,N/a,N/a,54.5,1.96,0.19,12.2,225,66.0,2706,70.6,66.7,66.7,26,9,7,1,18,62,2.25,9,0.33,9,5,6,4,11,1,10,5,578,22,39,200,344,170,32,34.4,59.4,272,478,19,14,19,39,25,427,103,22,12,4,3,29,49,45,52.1
1,Martin Ødegaard,€125.8M,no NOR,Arsenal,MF,26-131,26,23,2040.0,2,6,4,0,4.4,4.6,79,231,142,0.09,0.35,0.2,0.2,N/a,N/a,N/a,N/a,31.7,0.57,0.02,18.7,1099,82.6,17070,90.3,87.1,53.0,56,115,78,5,231,112,4.95,13,0.57,19,11,24,20,4,0,4,4,1494,6,98,625,785,104,54,40.7,55.6,1031,3279,79,72,23,28,38,1188,142,10,20,1,80,86,8,7,53.3
2,Alexander Isak,€119.4M,se SWE,Newcastle Utd,FW,25-218,31,31,2487.0,22,6,1,0,19.0,4.0,77,77,196,0.8,1.01,0.69,0.15,N/a,N/a,N/a,N/a,42.5,1.34,0.22,14.5,459,74.0,6537,83.2,77.5,62.2,38,32,26,1,77,85,3.08,14,0.51,12,5,12,7,18,2,16,3,932,20,54,348,544,174,87,48.3,50.6,556,1721,77,40,43,62,50,659,196,25,13,20,15,54,25,48,34.2
3,Cole Palmer,€117.4M,eng ENG,Chelsea,MF,22-356,33,32,2831.0,14,8,6,0,15.8,9.3,103,194,165,0.45,0.7,0.5,0.3,N/a,N/a,N/a,N/a,36.0,1.27,0.10,20.3,1019,76.9,19338,85.9,84.8,59.6,78,145,61,17,194,180,5.72,14,0.45,25,16,21,13,14,1,13,8,1650,20,133,735,804,126,103,45.6,39.8,1046,3306,103,66,35,61,34,1219,165,12,55,6,133,93,1,7,12.5
4,Alexis Mac Allister,€117M,ar ARG,Liverpool,MF,26-124,32,29,2471.0,4,4,6,0,2.7,4.4,32,169,75,0.15,0.29,0.1,0.16,N/a,N/a,N/a,N/a,34.3,0.44,0.11,18.2,1210,83.4,19378,89.9,88.4,56.0,41,116,34,2,169,115,4.19,14,0.51,88,54,92,43,58,5,53,21,1770,52,265,921,603,56,42,38.1,50.0,869,1887,32,39,3,29,22,1175,75,59,39,2,80,138,18,33,35.3
5,Declan Rice,€116.4M,eng ENG,Arsenal,MF,26-103,32,30,2572.0,2,7,7,1,2.7,6.5,87,175,88,0.07,0.31,0.09,0.23,N/a,N/a,N/a,N/a,24.4,0.35,0.05,19.7,1285,83.6,21932,92.4,90.3,49.3,55,123,34,5,175,102,3.57,9,0.31,49,22,37,21,24,11,13,24,1806,71,294,846,683,74,26,42.3,53.8,960,3225,87,54,16,36,29,1182,88,19,15,1,155,139,30,23,56.6
6,Bukayo Saka,€113M,eng ENG,Arsenal,"FW,MF",23-234,21,17,1454.0,6,10,3,0,5.9,6.7,79,61,222,0.37,0.99,0.36,0.42,N/a,N/a,N/a,N/a,35.2,1.18,0.09,15.9,470,75.1,7266,90.0,72.4,48.2,49,13,32,10,61,100,6.19,22,1.36,23,13,20,10,19,0,19,2,840,6,46,180,621,139,83,44.6,41.0,535,2065,79,27,43,28,37,610,222,13,35,5,109,61,8,19,29.6
7,Phil Foden,€99.8M,eng ENG,Manchester City,"MF,FW",24-334,25,19,1686.0,7,2,2,0,5.1,4.7,47,95,119,0.37,0.48,0.27,0.25,N/a,N/a,N/a,N/a,30.8,0.85,0.13,18.5,742,84.0,11563,90.6,89.2,59.6,42,40,35,5,95,84,4.48,9,0.48,12,5,17,10,12,1,11,9,1074,13,81,374,628,79,39,33.3,53.8,676,1674,47,30,15,35,30,840,119,5,31,3,73,58,3,8,27.3
8,Ryan Gravenberch,€85.5M,nl NED,Liverpool,MF,22-346,33,33,2831.0,0,3,5,0,1.0,2.8,62,160,54,0.0,0.1,0.03,0.09,N/a,N/a,N/a,N/a,23.5,0.13,0.00,24.2,1560,88.9,23289,92.4,91.9,60.0,24,135,31,1,160,63,2.0,6,0.19,62,32,49,20,33,10,23,56,2119,103,429,1243,474,23,70,47.1,37.1,1257,3302,62,70,9,45,19,1515,54,40,46,0,6,174,25,13,65.8
9,Moisés Caicedo,€82.8M,ec ECU,Chelsea,MF,23-176,34,34,2991.0,1,2,10,0,0.8,2.9,38,194,33,0.03,0.09,0.02,0.09,N/a,N/a,N/a,N/a,16.7,0.09,0.06,25.1,1792,89.7,31004,92.2,92.5,77.8,28,215,31,2,194,90,2.71,7,0.21,100,63,80,30,44,9,35,47,2340,85,502,1442,421,12,54,42.6,35.2,1308,2919,38,28,2,35,23,1642,33,61,54,0,8,197,30,15,66.7
10,Bruno Guimarães,€82.3M,br BRA,Newcastle Utd,MF,27-162,34,34,2912.0,4,6,6,0,3.8,5.6,53,241,79,0.12,0.31,0.12,0.17,N/a,N/a,N/a,N/a,23.7,0.28,0.11,16.3,1303,82.1,21479,90.7,87.5,56.4,45,158,67,6,241,119,3.68,17,0.53,71,41,61,32,33,9,24,27,1963,74,396,1011,577,71,71,47.9,29.6,1274,3047,53,39,11,51,73,1474,79,54,99,2,24,161,17,16,51.5
11,Morgan Rogers,€79.6M,eng ENG,Aston Villa,"FW,MF",22-275,33,33,2763.0,8,8,9,0,6.1,6.9,102,113,171,0.26,0.52,0.2,0.22,N/a,N/a,N/a,N/a,36.5,0.62,0.15,15.8,606,73.9,8871,81.4,76.6,80.0,45,69,51,2,113,95,3.1,13,0.42,35,18,38,20,24,7,17,5,1229,36,182,535,537,133,145,41.4,45.5,718,2908,102,62,32,102,67,866,171,46,47,2,21,103,11,43,20.4
12,William Saliba,€79.5M,fr FRA,Arsenal,DF,24-034,32,32,2814.0,2,0,2,1,2.3,0.9,16,134,6,0.06,0.06,0.07,0.03,N/a,N/a,N/a,N/a,33.3,0.06,0.33,5.4,2273,94.2,39201,95.7,96.1,80.4,7,175,6,0,134,26,0.83,1,0.03,58,34,26,6,23,14,9,21,2657,173,1036,1495,141,18,18,66.7,27.8,1642,3937,16,17,1,17,7,2013,6,27,17,1,3,140,57,35,62.0
13,Omar Marmoush,€79.1M,eg EGY,Manchester City,"FW,MF",26-079,12,11,916.0,6,0,0,0,4.7,1.7,20,26,63,0.59,0.59,0.46,0.17,N/a,N/a,N/a,N/a,44.4,1.57,0.17,18.1,192,78.4,2647,84.6,79.7,50.0,13,8,22,4,26,33,3.24,1,0.1,11,6,14,7,14,1,13,5,389,2,27,114,253,52,35,40.0,48.6,249,730,20,14,11,34,13,282,63,13,17,9,25,29,5,8,38.5
14,Joško Gvardiol,€77.4M,hr CRO,Manchester City,DF,23-094,33,32,2917.0,5,0,2,0,4.4,2.0,78,240,96,0.15,0.15,0.13,0.06,N/a,N/a,N/a,N/a,29.7,0.34,0.14,13.0,2240,90.9,36418,94.3,93.1,67.9,25,225,19,1,240,69,2.13,7,0.22,51,34,37,18,39,19,20,36,2808,141,703,1412,716,85,40,57.5,35.0,1826,5505,78,91,13,24,16,2062,96,13,21,2,19,130,48,33,59.3
15,Sávio,€74.8M,br BRA,Manchester City,"FW,MF",21-017,27,21,1734.0,1,8,3,0,4.9,6.8,133,66,239,0.05,0.47,0.25,0.35,N/a,N/a,N/a,N/a,38.9,1.09,0.02,17.7,676,80.9,10078,89.8,80.1,57.4,44,19,47,8,66,107,5.55,15,0.78,22,16,18,9,13,2,11,6,1071,14,55,281,754,149,111,45.9,35.1,766,3494,133,44,73,42,37,834,239,17,27,3,81,79,1,2,33.3
16,Rúben Dias,€74.5M,pt POR,Manchester City,DF,27-348,23,21,1911.0,0,0,4,0,1.4,0.3,34,120,6,0.0,0.0,0.07,0.01,N/a,N/a,N/a,N/a,29.4,0.24,0.00,18.4,1852,93.3,31998,96.9,96.2,66.4,5,178,5,0,120,22,1.04,1,0.05,15,9,9,3,17,14,3,18,2133,188,711,1175,251,22,3,66.7,33.3,1524,5097,34,53,1,6,1,1738,6,11,8,0,3,65,30,29,50.8
17,Enzo Fernández,€74.2M,ar ARG,Chelsea,MF,24-100,32,28,2590.0,5,7,7,0,5.4,6.3,57,196,115,0.17,0.42,0.19,0.22,N/a,N/a,N/a,N/a,36.7,0.63,0.10,18.6,1397,80.0,24772,88.8,84.9,58.4,71,155,39,7,196,137,4.76,16,0.56,61,30,78,49,32,5,27,11,2021,32,309,1027,698,73,46,45.7,39.1,1115,2529,57,53,8,27,27,1487,115,45,47,1,103,141,13,27,32.5
18,Lucas Paquetá,€73.5M,br BRA,West Ham,"MF,FW",27-243,30,26,2257.0,4,0,8,0,5.2,3.0,20,141,84,0.16,0.16,0.21,0.12,N/a,N/a,N/a,N/a,7.9,0.12,0.05,19.5,1046,77.4,17325,84.0,79.6,63.4,35,121,42,4,141,78,3.11,6,0.24,63,35,49,25,27,4,23,17,1669,58,336,918,428,56,42,40.5,47.6,853,1224,20,30,2,51,50,1179,84,49,57,6,28,140,47,57,45.2
19,Archie Gray,€72.5M,eng ENG,Tottenham,"DF,MF",19-046,23,14,1346.0,0,0,0,0,0.0,0.1,5,31,15,0.0,0.0,0.0,0.01,N/a,N/a,N/a,N/a,100.0,0.07,0.00,24.6,900,88.8,15780,92.5,93.0,61.4,2,37,0,0,31,5,0.33,0,0.0,12,6,16,10,19,10,9,10,1117,133,542,507,78,2,9,44.4,44.4,788,1492,5,5,0,7,10,849,15,9,11,0,12,56,9,8,52.9
20,Dominik Szoboszlai,€70.5M,hu HUN,Liverpool,MF,24-184,31,25,2190.0,5,3,6,0,6.9,5.1,64,110,118,0.21,0.33,0.28,0.21,N/a,N/a,N/a,N/a,31.7,0.78,0.08,18.6,996,84.6,15375,89.1,88.1,72.3,43,74,31,5,110,99,4.07,12,0.49,30,20,37,22,34,4,30,9,1408,23,180,684,562,92,35,54.3,37.1,721,2030,64,45,17,34,20,961,118,35,21,4,33,117,18,22,45.0
21,Kai Havertz,€70M,de GER,Arsenal,"FW,MF",25-320,21,21,1839.0,9,3,4,0,9.4,2.4,34,59,110,0.44,0.59,0.46,0.12,N/a,N/a,N/a,N/a,40.4,1.03,0.17,11.7,401,78.5,4833,84.1,82.5,45.5,16,26,8,1,59,41,2.01,3,0.15,16,9,15,11,22,4,18,6,768,31,88,282,403,103,38,23.7,63.2,411,922,34,23,18,42,22,575,110,36,21,14,11,39,62,73,45.9
22,Luis Díaz,€69.3M,co COL,Liverpool,FW,28-104,32,25,2150.0,11,5,2,0,9.2,4.9,102,102,265,0.46,0.67,0.39,0.2,N/a,N/a,N/a,N/a,40.6,1.09,0.17,13.7,683,84.4,10916,89.1,86.1,82.1,53,43,43,6,102,115,4.81,16,0.67,33,21,34,21,15,0,15,7,1088,15,75,377,655,154,110,46.4,43.6,718,2777,102,51,55,51,42,860,265,46,29,10,29,96,12,33,26.7
23,Cody Gakpo,€67.7M,nl NED,Liverpool,FW,25-355,30,18,1560.0,8,3,4,0,6.2,3.5,45,49,237,0.46,0.63,0.36,0.2,N/a,N/a,N/a,N/a,40.4,1.1,0.17,15.2,403,76.6,5722,87.1,67.6,57.1,32,22,26,8,49,65,3.75,6,0.35,24,12,23,12,18,2,16,9,728,20,67,208,467,83,47,57.4,31.9,489,1711,45,27,18,37,18,551,237,16,20,5,61,58,15,21,41.7
24,Brennan Johnson,€67M,wls WAL,Tottenham,FW,23-339,30,22,1993.0,11,3,5,0,9.8,2.3,57,68,192,0.5,0.63,0.44,0.1,N/a,N/a,N/a,N/a,37.7,0.9,0.21,11.4,433,71.6,5707,81.1,75.3,37.9,19,25,34,6,68,46,2.08,7,0.32,39,26,31,15,22,3,19,4,807,16,88,272,459,120,42,45.2,47.6,519,1394,57,20,32,24,16,598,192,25,24,9,51,58,7,20,25.9
25,Nicolas Jackson,€66.9M,sn SEN,Chelsea,FW,23-311,28,26,2114.0,10,5,7,0,12.2,4.3,46,37,125,0.43,0.64,0.52,0.18,N/a,N/a,N/a,N/a,43.2,1.36,0.14,12.7,291,76.2,3909,81.9,78.0,64.3,28,22,10,1,37,68,2.9,10,0.43,19,11,8,5,13,2,11,3,658,19,46,272,349,137,59,30.5,50.8,401,1293,46,24,30,65,39,490,125,32,29,19,3,44,18,35,34.0
26,Gabriel Magalhães,€66.5M,br BRA,Arsenal,DF,27-129,28,28,2363.0,3,1,4,0,2.6,0.9,10,126,11,0.11,0.15,0.1,0.03,N/a,N/a,N/a,N/a,22.7,0.19,0.14,9.5,1480,90.2,25788,96.9,94.2,53.9,13,145,8,0,126,35,1.33,6,0.23,25,15,16,4,42,29,13,16,1873,189,672,985,225,40,5,80.0,20.0,1116,2669,10,22,0,9,2,1366,11,19,19,0,9,63,53,37,58.9
27,Jérémy Doku,€66.5M,be BEL,Manchester City,"FW,MF",22-335,25,14,1307.0,3,5,1,0,1.0,3.9,176,62,235,0.21,0.55,0.07,0.27,N/a,N/a,N/a,N/a,37.5,0.62,0.13,18.2,517,79.5,7264,86.8,81.9,66.7,25,10,41,5,62,63,4.34,12,0.83,28,19,14,7,10,1,9,4,878,4,42,205,654,122,175,56.0,28.0,678,4066,176,83,80,51,50,729,235,7,30,5,48,52,0,10,0.0
28,Leny Yoro,€66.2M,fr FRA,Manchester Utd,DF,19-165,18,10,979.0,0,0,5,0,0.7,0.0,17,43,4,0.0,0.0,0.06,0.0,N/a,N/a,N/a,N/a,20.0,0.09,0.00,8.6,605,92.4,9807,95.1,94.5,65.0,0,42,2,1,43,5,0.46,0,0.0,23,10,15,6,5,3,2,17,764,70,355,359,52,10,3,33.3,66.7,527,1446,17,10,1,2,2,563,4,8,1,1,1,34,14,13,51.9
29,Murillo,€66M,br BRA,Nott'ham Forest,DF,22-297,32,32,2838.0,1,0,5,0,1.2,1.1,19,100,4,0.03,0.03,0.04,0.03,N/a,N/a,N/a,N/a,20.0,0.13,0.05,24.3,976,77.8,19356,90.9,87.0,47.6,12,110,11,1,100,35,1.11,2,0.06,49,33,44,18,66,43,23,29,1665,375,853,737,89,17,33,78.8,21.2,706,2162,19,24,1,18,9,839,4,25,4,0,12,124,36,19,65.5
30,Amadou Onana,€64.4M,be BEL,Aston Villa,MF,23-254,22,17,1348.0,3,0,4,0,2.1,0.3,20,58,13,0.2,0.2,0.14,0.02,N/a,N/a,N/a,N/a,35.3,0.4,0.18,14.7,589,88.4,9251,94.4,89.9,71.4,7,52,8,1,58,25,1.67,4,0.27,46,24,24,10,14,6,8,24,836,60,227,490,132,20,17,64.7,17.6,459,1237,20,20,1,10,9,563,13,30,23,0,1,64,25,18,58.1
31,Ollie Watkins,€63.2M,eng ENG,Aston Villa,FW,29-118,34,27,2263.0,15,7,2,0,14.5,2.9,50,28,143,0.6,0.87,0.58,0.12,N/a,N/a,N/a,N/a,42.1,1.27,0.17,12.2,277,73.7,3489,78.8,81.1,75.0,22,11,11,0,28,50,1.99,11,0.44,9,6,11,8,11,3,8,7,620,17,46,223,360,153,38,23.7,65.8,363,1022,50,21,35,51,44,486,143,27,29,12,7,39,46,61,43.0
32,Mohammed Kudus,€63M,gh GHA,West Ham,"FW,MF",24-268,28,28,2331.0,4,2,1,1,6.5,2.3,87,75,198,0.15,0.23,0.25,0.09,N/a,N/a,N/a,N/a,29.9,0.77,0.06,15.7,640,83.6,10463,90.0,89.3,68.5,27,42,26,12,75,95,3.67,6,0.23,33,19,27,17,23,1,22,4,1142,12,158,466,558,114,188,44.7,46.3,747,2292,87,56,39,66,88,888,198,35,58,18,70,125,10,35,22.2
33,Jurrien Timber,€62.7M,nl NED,Arsenal,DF,23-314,30,27,2417.0,1,3,7,0,1.2,0.8,57,146,104,0.04,0.15,0.05,0.03,N/a,N/a,N/a,N/a,28.6,0.15,0.07,14.1,1194,85.6,17327,91.0,86.0,52.9,17,107,17,2,146,52,1.94,9,0.34,58,38,27,9,19,4,15,22,1661,51,304,859,505,66,53,45.3,45.3,890,2076,57,27,11,33,24,1052,104,31,29,6,28,94,22,20,52.4
34,Rico Lewis,€62.7M,eng ENG,Manchester City,"DF,MF",20-157,26,20,1810.0,1,2,5,1,1.4,0.3,36,103,68,0.05,0.15,0.07,0.02,N/a,N/a,N/a,N/a,20.0,0.1,0.10,15.8,1139,92.0,16444,94.8,94.2,68.3,7,92,13,0,103,31,1.54,3,0.15,29,19,21,8,27,7,20,13,1399,51,286,702,426,42,21,42.9,52.4,815,2032,36,38,8,19,19,1002,68,10,33,0,3,93,5,13,27.8
35,Matheus Cunha,€62.6M,br BRA,Wolves,"MF,FW",25-335,29,26,2341.0,15,6,3,0,7.8,7.3,102,129,144,0.58,0.81,0.3,0.28,N/a,N/a,N/a,N/a,42.1,1.54,0.16,20.6,727,72.0,11580,85.3,76.1,45.3,51,88,54,10,129,117,4.5,16,0.62,35,21,35,24,19,1,18,16,1393,22,172,644,625,113,125,45.6,43.2,795,3021,102,86,35,70,48,939,144,39,69,8,120,120,10,27,27.0
36,Eberechi Eze,€62.2M,eng ENG,Crystal Palace,"MF,FW",26-302,30,28,2337.0,4,8,1,0,8.2,5.2,65,85,141,0.15,0.46,0.31,0.2,N/a,N/a,N/a,N/a,25.8,0.92,0.04,21.5,707,74.6,11848,85.3,83.4,43.2,53,46,32,3,85,119,4.58,9,0.35,37,22,35,18,26,0,26,11,1289,15,172,611,537,86,125,48.8,45.6,771,2178,65,43,21,52,44,840,141,11,46,9,100,128,6,36,14.3
37,Micky van de Ven,€62M,nl NED,Tottenham,DF,24-008,12,11,950.0,0,2,4,0,0.6,1.2,8,51,1,0.0,0.19,0.05,0.11,N/a,N/a,N/a,N/a,33.3,0.19,0.00,11.1,706,91.0,13313,91.7,96.5,62.5,2,50,1,0,51,11,1.04,2,0.19,10,6,14,6,9,6,3,10,862,101,442,393,36,9,8,50.0,50.0,599,1388,8,10,1,5,4,629,1,10,8,0,0,61,19,18,51.4
38,Morgan Gibbs-White,€61.7M,eng ENG,Nott'ham Forest,MF,25-090,29,29,2377.0,5,7,9,1,4.6,4.4,63,139,115,0.19,0.45,0.18,0.17,N/a,N/a,N/a,N/a,34.6,0.68,0.10,17.0,834,78.5,12823,84.9,82.0,58.8,44,110,35,7,139,98,3.71,17,0.64,39,18,30,15,14,4,10,17,1382,32,166,695,543,83,73,39.7,46.6,778,2303,63,46,12,66,37,1037,115,32,35,7,36,113,36,46,43.9
39,Miloš Kerkez,€61.6M,hu HUN,Bournemouth,DF,21-171,33,33,2897.0,2,5,4,0,0.5,3.3,89,141,161,0.06,0.22,0.02,0.1,N/a,N/a,N/a,N/a,29.4,0.16,0.12,20.4,1141,75.4,17883,89.3,78.1,36.8,30,79,34,22,141,74,2.3,9,0.28,49,26,36,14,33,11,22,38,1858,101,482,782,616,57,43,44.2,32.6,926,3158,89,62,15,42,18,1004,161,27,44,1,115,148,25,46,35.2
40,Curtis Jones,€61.6M,eng ENG,Liverpool,"MF,DF",24-087,28,16,1415.0,3,3,3,1,4.1,1.0,21,83,67,0.19,0.38,0.26,0.06,N/a,N/a,N/a,N/a,41.4,0.76,0.10,15.6,800,93.2,11625,96.8,93.0,73.7,19,58,16,0,83,40,2.54,7,0.45,33,17,22,8,15,7,8,5,1014,26,155,536,329,50,16,62.5,31.3,612,1318,21,14,5,22,29,759,67,15,21,1,6,75,13,12,52.0
41,João Pedro,€61.3M,br BRA,Brighton,"FW,MF",23-213,27,23,1948.0,10,6,4,1,8.9,5.0,66,78,128,0.46,0.74,0.41,0.23,N/a,N/a,N/a,N/a,35.7,0.69,0.12,17.2,482,72.9,6847,78.7,75.1,65.9,30,42,36,5,78,72,3.32,9,0.42,16,12,11,7,12,0,12,9,940,12,60,387,508,122,86,33.7,54.7,616,1821,66,39,30,72,38,732,128,26,46,2,22,59,41,43,48.8
42,Bruno Fernandes,€61.2M,pt POR,Manchester Utd,MF,30-231,32,31,2668.0,8,9,4,2,9.4,6.8,62,264,114,0.27,0.57,0.32,0.23,N/a,N/a,N/a,N/a,30.0,0.81,0.06,21.7,1462,75.2,25699,86.7,80.2,52.9,77,171,63,9,264,157,5.3,12,0.4,73,44,75,46,30,4,26,25,2297,59,385,1086,848,70,64,42.2,48.4,1331,3256,62,58,11,35,37,1605,114,26,37,2,164,187,20,27,42.6
43,Pedro Neto,€60.4M,pt POR,Chelsea,FW,25-049,31,20,1923.0,4,4,8,0,2.8,5.4,110,56,220,0.19,0.37,0.13,0.25,N/a,N/a,N/a,N/a,31.4,0.75,0.08,18.9,618,78.5,10072,92.8,81.3,47.8,42,28,33,21,56,83,3.88,7,0.33,21,9,18,11,12,2,10,8,1008,11,87,295,642,102,91,31.9,44.0,656,2845,110,51,38,39,24,734,220,18,29,3,131,70,10,26,27.8
44,Dejan Kulusevski,€60.3M,se SWE,Tottenham,"MF,FW",25-002,29,25,2236.0,7,4,3,0,4.2,6.1,117,121,207,0.28,0.44,0.17,0.25,N/a,N/a,N/a,N/a,37.8,0.68,0.16,14.6,639,74.0,8972,86.1,78.3,40.3,64,61,52,6,121,125,5.03,9,0.36,41,23,48,30,26,3,23,12,1218,21,136,408,698,153,109,33.0,59.6,795,3149,117,66,38,73,72,871,207,41,33,5,88,112,10,14,41.7
45,Rasmus Winther Højlund,€60M,dk DEN,Manchester Utd,FW,22-082,28,19,1654.0,3,0,2,0,3.4,1.2,26,16,82,0.16,0.16,0.18,0.06,N/a,N/a,N/a,N/a,37.5,0.49,0.13,13.1,210,77.2,2255,83.4,73.5,75.0,13,12,5,1,16,30,1.63,1,0.05,3,1,4,4,4,0,4,1,422,5,28,211,190,56,28,28.6,64.3,263,619,26,13,16,56,27,335,82,15,25,10,6,28,21,79,21.0
46,Gabriel Martinelli,€60M,br BRA,Arsenal,"FW,MF",23-313,29,21,1956.0,7,4,1,0,5.9,4.5,106,44,259,0.32,0.51,0.27,0.21,N/a,N/a,N/a,N/a,42.2,0.87,0.16,13.0,429,71.0,6240,83.1,69.2,51.1,34,10,30,13,44,61,2.81,6,0.28,19,14,22,16,10,0,10,4,860,15,83,218,571,162,103,29.1,55.3,576,2268,106,29,55,48,33,655,259,14,19,8,80,70,14,29,32.6
47,Cristian Romero,€60M,ar ARG,Tottenham,DF,27-000,18,18,1416.0,1,0,3,0,1.6,0.6,12,71,3,0.06,0.06,0.1,0.04,N/a,N/a,N/a,N/a,50.0,0.51,0.06,9.1,1094,89.5,20402,91.4,94.7,63.5,7,109,8,1,71,20,1.27,4,0.25,35,29,30,9,18,3,15,21,1377,157,594,720,74,23,4,25.0,50.0,896,2893,12,18,0,10,5,936,3,14,12,2,3,90,41,27,60.3
48,Levi Colwill,€59.8M,eng ENG,Chelsea,DF,22-060,31,31,2789.0,1,1,8,0,1.3,1.1,13,124,11,0.03,0.06,0.04,0.04,N/a,N/a,N/a,N/a,18.8,0.1,0.06,9.9,2167,89.6,39487,92.7,95.3,57.7,14,144,7,3,124,37,1.19,3,0.1,40,28,25,9,34,24,10,31,2669,330,1241,1310,128,35,10,60.0,40.0,1526,3857,13,11,1,13,8,1964,11,42,18,4,13,108,76,51,59.8
49,Darwin Núñez,€59.7M,uy URU,Liverpool,FW,25-307,25,8,1010.0,5,2,8,0,5.0,1.2,20,25,67,0.45,0.62,0.44,0.11,N/a,N/a,N/a,N/a,38.7,1.07,0.16,14.3,144,70.2,2149,80.4,72.9,66.7,9,9,2,0,25,24,2.13,4,0.36,18,15,15,10,6,0,6,3,326,10,43,110,183,60,21,38.1,57.1,175,492,20,16,10,21,17,216,67,26,14,11,2,37,15,29,34.1
50,Destiny Udogie,€59.4M,it ITA,Tottenham,DF,22-150,23,22,1744.0,0,1,2,0,0.3,1.4,51,117,92,0.0,0.05,0.02,0.07,N/a,N/a,N/a,N/a,20.0,0.05,0.00,15.1,915,87.5,13224,91.2,90.6,81.5,15,86,6,1,117,33,1.7,3,0.15,71,44,45,13,37,5,32,19,1287,57,353,572,376,48,30,40.0,50.0,714,2187,51,38,11,31,19,778,92,29,36,2,19,103,13,13,50.0
51,Alejandro Garnacho,€59.2M,ar ARG,Manchester Utd,"MF,FW",20-300,32,21,1966.0,5,1,2,0,6.2,3.5,130,50,260,0.23,0.27,0.28,0.16,N/a,N/a,N/a,N/a,37.0,1.24,0.07,16.9,579,79.3,8106,89.5,82.9,56.5,29,19,21,3,50,69,3.16,4,0.18,28,18,33,22,17,0,17,11,1033,13,118,329,603,152,82,29.3,62.2,748,2922,130,66,63,57,46,793,260,10,38,9,47,102,3,23,11.5
52,Marcus Rashford,€58.6M,eng ENG,Manchester Utd,"FW,MF",27-178,15,12,978.0,4,1,2,0,1.7,2.1,20,21,79,0.37,0.46,0.16,0.19,N/a,N/a,N/a,N/a,56.3,0.83,0.25,16.4,253,73.8,3508,83.6,65.9,50.0,15,13,16,8,21,29,2.67,1,0.09,7,4,9,6,8,0,8,4,440,3,35,189,222,34,39,23.1,66.7,293,728,20,19,12,14,6,341,79,8,7,7,27,24,5,7,41.7
53,Diogo Jota,€58.6M,pt POR,Liverpool,FW,28-144,22,13,1074.0,6,3,2,0,7.3,1.8,36,33,85,0.5,0.75,0.61,0.15,N/a,N/a,N/a,N/a,28.9,1.09,0.13,12.4,193,68.7,2864,75.5,73.3,57.9,11,28,3,1,33,35,2.94,9,0.75,13,7,19,12,9,0,9,6,436,5,28,180,235,88,30,36.7,60.0,240,753,36,21,20,36,21,304,85,18,12,1,8,38,21,28,42.9
54,Bryan Mbeumo,€57.6M,cm CMR,Brentford,FW,25-263,33,33,2964.0,18,6,2,0,10.6,7.8,110,125,300,0.55,0.73,0.32,0.24,N/a,N/a,N/a,N/a,45.5,0.91,0.20,17.7,763,67.3,12187,79.7,72.8,38.1,63,52,55,16,125,129,3.92,17,0.52,41,26,29,12,21,3,18,14,1523,47,216,483,851,137,93,45.2,41.9,924,3035,110,61,64,87,38,1034,300,22,40,11,171,137,31,68,31.3
55,James Maddison,€57.3M,eng ENG,Tottenham,MF,28-155,30,20,1764.0,9,6,6,0,5.8,4.1,43,160,92,0.46,0.77,0.3,0.21,N/a,N/a,N/a,N/a,43.6,0.87,0.23,16.7,1001,81.3,16292,90.9,86.0,45.9,39,121,32,5,160,92,4.7,17,0.87,30,18,28,19,15,4,11,11,1438,25,207,677,567,76,74,41.9,44.6,1010,2227,43,39,19,23,24,1112,92,31,63,4,95,73,5,7,41.7
56,Ibrahima Konaté,€57.2M,fr FRA,Liverpool,DF,25-337,27,26,2230.0,1,2,5,0,1.6,1.0,21,102,2,0.04,0.12,0.07,0.04,N/a,N/a,N/a,N/a,17.6,0.12,0.06,10.4,1513,90.5,28014,93.7,95.1,57.0,10,122,8,0,102,28,1.13,7,0.28,36,25,34,10,27,15,12,11,1917,207,818,999,106,21,4,50.0,25.0,1137,3020,21,13,0,8,2,1386,2,24,18,0,0,84,68,28,70.8
57,Dean Huijsen,€56.3M,es ESP,Bournemouth,DF,20-013,27,22,2054.0,2,1,7,0,1.7,2.0,35,107,10,0.09,0.13,0.08,0.09,N/a,N/a,N/a,N/a,11.8,0.09,0.12,12.3,1120,84.0,22710,89.2,91.4,62.0,14,138,7,2,107,38,1.67,3,0.13,33,23,25,10,33,25,8,49,1672,217,764,799,118,29,5,40.0,60.0,910,3569,35,23,0,16,1,1024,10,26,9,2,12,91,61,41,59.8
58,Pedro Porro,€55.9M,es ESP,Tottenham,DF,25-226,31,26,2463.0,2,6,4,0,1.5,4.0,63,147,106,0.07,0.29,0.06,0.15,N/a,N/a,N/a,N/a,21.6,0.29,0.05,23.1,1324,73.5,23083,87.5,79.3,44.2,54,120,55,26,147,104,3.8,8,0.29,63,46,73,31,44,17,27,34,2131,124,623,772,749,30,39,33.3,61.5,1132,2677,63,40,5,23,17,1229,106,24,30,1,191,148,11,22,33.3
59,Trent Alexander-Arnold,€55.4M,eng ENG,Liverpool,DF,26-202,29,26,2165.0,3,6,5,0,1.6,6.7,48,204,87,0.12,0.37,0.07,0.28,N/a,N/a,N/a,N/a,20.5,0.33,0.08,23.4,1325,73.7,25464,89.9,76.0,49.9,50,189,62,20,204,92,3.82,10,0.42,68,48,100,53,25,8,17,30,2059,82,549,913,611,40,29,44.8,48.3,1083,2686,48,35,8,19,15,1307,87,9,7,1,142,122,3,12,20.0
60,Illia Zabarnyi,€55.1M,ua UKR,Bournemouth,DF,22-238,31,30,2662.0,0,0,3,1,1.0,0.6,24,123,4,0.0,0.0,0.03,0.02,N/a,N/a,N/a,N/a,0.0,0.0,0.00,8.8,1199,81.6,25439,90.7,90.8,53.2,11,129,6,0,123,28,0.95,0,0.0,46,32,43,13,32,19,13,34,1772,207,825,901,65,11,8,62.5,25.0,1106,4285,24,20,0,14,3,1109,4,17,6,0,5,140,67,37,64.4
61,Kobbie Mainoo,€54.8M,eng ENG,Manchester Utd,MF,20-008,20,16,1352.0,0,0,5,0,0.5,1.5,19,55,36,0.0,0.0,0.04,0.1,N/a,N/a,N/a,N/a,9.1,0.07,0.00,20.4,608,86.2,8062,92.0,88.4,70.3,13,45,9,0,55,26,1.73,1,0.07,38,24,34,13,15,2,13,18,888,17,170,503,223,31,42,47.6,47.6,547,1045,19,13,9,27,31,631,36,24,19,2,4,74,17,25,40.5
62,Anthony Gordon,€52.4M,eng ENG,Newcastle Utd,FW,24-062,30,25,2200.0,6,5,2,0,8.0,4.9,110,92,194,0.25,0.45,0.33,0.2,N/a,N/a,N/a,N/a,29.1,0.65,0.09,16.6,661,73.1,10125,86.1,77.7,42.2,50,59,50,16,92,98,4.01,12,0.49,31,17,34,22,24,2,22,6,1165,16,115,439,630,123,96,36.5,46.9,750,3016,110,56,55,28,35,839,194,19,62,8,120,92,5,7,41.7
63,Noni Madueke,€52.3M,eng ENG,Chelsea,FW,23-048,28,23,1723.0,7,3,3,0,8.2,3.9,133,63,208,0.37,0.52,0.43,0.2,N/a,N/a,N/a,N/a,41.1,1.57,0.10,14.6,452,77.5,6706,86.5,76.1,56.4,28,12,33,8,63,72,3.76,8,0.42,22,15,33,20,14,0,14,8,837,18,83,237,531,163,84,42.9,46.4,562,2970,133,43,80,41,24,646,208,20,24,4,58,67,10,15,40.0
64,Sandro Tonali,€52.1M,it ITA,Newcastle Utd,MF,24-354,32,24,2270.0,3,2,5,0,3.7,1.3,33,113,47,0.12,0.2,0.15,0.05,N/a,N/a,N/a,N/a,32.3,0.4,0.10,19.5,1089,83.6,17125,89.8,87.0,61.0,20,87,24,4,113,60,2.38,8,0.32,46,29,43,22,30,10,20,30,1553,60,355,859,365,40,34,55.9,35.3,836,1955,33,33,5,25,24,1075,47,36,40,2,30,162,12,11,52.2
65,Christopher Nkunku,€51.3M,fr FRA,Chelsea,FW,27-164,27,9,921.0,3,2,2,0,4.8,2.1,17,25,68,0.29,0.49,0.47,0.21,N/a,N/a,N/a,N/a,44.0,1.07,0.12,12.6,299,89.5,3928,91.6,92.2,100.0,14,26,7,0,25,34,3.32,4,0.39,12,8,8,2,9,2,7,7,448,10,52,183,217,52,27,37.0,51.9,280,628,17,16,13,18,17,356,68,16,11,3,4,29,16,22,42.1
66,Bernardo Silva,€51.1M,pt POR,Manchester City,"MF,FW",30-260,29,25,2311.0,3,4,7,0,3.2,4.2,92,109,180,0.12,0.27,0.13,0.17,N/a,N/a,N/a,N/a,35.7,0.39,0.11,12.9,1284,86.9,19677,91.9,88.7,65.3,44,70,30,7,109,79,3.08,8,0.31,49,32,49,26,30,7,23,19,1705,42,298,675,749,127,55,45.5,41.8,1068,3501,92,59,30,21,31,1261,180,25,27,3,50,90,5,10,33.3
67,João Gomes,€51.1M,br BRA,Wolves,MF,24-074,32,32,2691.0,3,1,10,1,2.7,1.1,54,146,65,0.1,0.13,0.09,0.04,N/a,N/a,N/a,N/a,21.2,0.23,0.09,18.1,1232,85.1,17643,90.8,85.8,61.0,21,106,22,1,146,61,2.04,3,0.1,99,58,97,59,39,3,36,26,1787,55,379,988,447,40,56,46.4,42.9,934,2591,54,52,6,36,49,1199,65,65,39,1,27,174,9,23,28.1
68,Dominic Solanke,€51M,eng ENG,Tottenham,FW,27-225,24,23,2052.0,7,3,0,0,9.9,2.9,29,45,87,0.31,0.44,0.43,0.13,N/a,N/a,N/a,N/a,39.3,0.96,0.13,12.2,248,71.9,3322,76.6,77.1,66.7,14,27,9,0,45,37,1.62,8,0.35,18,11,12,8,17,7,10,0,623,31,67,285,277,108,50,32.0,62.0,369,797,29,20,14,65,45,438,87,36,36,5,4,37,41,55,42.7
69,Carlos Baleba,€51M,cm CMR,Brighton,MF,21-114,30,27,2313.0,3,1,8,1,3.0,1.3,39,114,26,0.12,0.16,0.12,0.05,N/a,N/a,N/a,N/a,27.5,0.43,0.08,25.1,1018,87.7,17223,93.1,91.7,64.1,20,105,22,2,114,60,2.34,4,0.16,71,41,72,28,43,10,33,40,1506,83,360,895,291,11,51,58.8,35.3,851,2530,39,41,3,36,35,915,26,38,43,0,8,172,38,23,62.3
70,Matthijs de Ligt,€50.8M,nl NED,Manchester Utd,DF,25-258,28,24,2089.0,2,0,3,0,2.5,0.3,7,55,6,0.09,0.09,0.11,0.01,N/a,N/a,N/a,N/a,50.0,0.39,0.11,7.9,1225,90.1,21549,94.1,94.5,50.5,6,63,2,1,55,14,0.6,1,0.04,30,22,32,9,29,21,8,33,1584,181,813,722,56,29,4,50.0,50.0,1063,2219,7,3,0,5,3,1142,6,16,12,2,6,66,57,29,66.3
71,Pape Matar Sarr,€50.8M,sn SEN,Tottenham,MF,22-225,31,18,1591.0,3,2,6,0,3.3,1.5,29,79,50,0.17,0.28,0.18,0.09,N/a,N/a,N/a,N/a,40.0,0.68,0.10,21.4,808,87.3,12484,91.2,90.3,75.4,14,82,10,2,79,40,2.26,6,0.34,42,30,22,11,21,7,14,24,1110,32,231,623,274,26,25,44.0,48.0,713,1736,29,31,5,25,21,798,50,27,30,2,13,104,23,36,39.0
72,Adam Wharton,€49.3M,eng ENG,Crystal Palace,MF,20-329,19,15,1258.0,0,2,2,0,0.3,3.0,14,105,10,0.0,0.14,0.02,0.21,N/a,N/a,N/a,N/a,41.7,0.36,0.00,25.8,521,75.6,9826,82.1,80.6,65.0,25,73,18,5,105,56,4.01,6,0.43,34,14,43,26,10,2,8,18,827,27,196,439,198,10,10,20.0,80.0,413,1021,14,22,2,14,13,509,10,12,21,0,35,96,7,16,30.4
73,Riccardo Calafiori,€49.3M,it ITA,Arsenal,DF,22-343,17,11,925.0,2,1,4,0,0.9,0.3,21,54,29,0.19,0.29,0.08,0.03,N/a,N/a,N/a,N/a,60.0,0.58,0.20,14.1,449,85.4,6549,91.6,85.7,67.9,6,40,9,1,54,13,1.26,2,0.19,26,18,29,11,12,6,6,9,628,30,161,249,222,29,13,69.2,23.1,291,839,21,12,3,11,5,377,29,16,6,3,11,30,22,13,62.9
74,Kaoru Mitoma,€49.2M,jp JPN,Brighton,"FW,MF",27-342,33,28,2521.0,9,3,1,0,8.8,4.4,138,82,277,0.32,0.43,0.32,0.16,N/a,N/a,N/a,N/a,46.3,0.89,0.17,13.9,701,75.3,9127,86.7,70.5,44.0,35,34,32,8,82,83,2.96,8,0.29,43,26,46,28,46,3,43,13,1300,15,148,445,734,156,127,38.6,57.5,785,3659,138,76,55,49,22,911,277,39,23,5,72,92,24,27,47.1
75,Lisandro Martínez,€49.2M,ar ARG,Manchester Utd,DF,27-099,20,20,1751.0,2,1,7,0,1.3,1.1,23,117,7,0.1,0.15,0.07,0.06,N/a,N/a,N/a,N/a,35.3,0.31,0.12,15.9,1200,89.4,20292,94.2,93.0,55.2,9,91,18,2,117,26,1.34,2,0.1,40,24,36,15,22,8,14,32,1524,156,713,697,125,18,7,85.7,14.3,1017,3129,23,23,2,1,3,1069,7,22,7,0,9,81,16,13,55.2
76,Marc Guéhi,€48.9M,eng ENG,Crystal Palace,DF,24-288,32,32,2879.0,3,2,9,1,1.9,1.2,22,126,8,0.09,0.16,0.06,0.04,N/a,N/a,N/a,N/a,50.0,0.22,0.21,10.3,1377,83.3,26335,91.1,88.8,55.3,12,127,11,3,126,38,1.19,5,0.16,56,31,45,15,53,22,31,25,1994,292,987,881,137,31,14,78.6,14.3,1065,2804,22,17,1,16,16,1243,8,22,26,1,13,135,66,50,56.9
77,Amad Diallo,€48.6M,ci CIV,Manchester Utd,"FW,MF",22-290,22,17,1594.0,6,6,3,0,4.1,3.9,92,53,159,0.34,0.68,0.23,0.22,N/a,N/a,N/a,N/a,32.5,0.73,0.15,17.7,658,82.9,9051,90.4,85.3,52.4,39,25,29,5,53,80,4.52,16,0.9,33,26,26,11,10,0,10,11,1012,13,150,374,504,109,72,50.0,44.4,656,2294,92,46,52,35,32,714,159,19,23,9,38,93,9,15,37.5
78,Valentino Livramento,€48.4M,eng ENG,Newcastle Utd,DF,22-166,33,28,2480.0,0,1,1,0,0.2,2.3,72,136,92,0.0,0.04,0.01,0.08,N/a,N/a,N/a,N/a,20.0,0.04,0.00,20.6,1228,85.0,18164,90.7,86.4,56.4,21,94,23,5,136,39,1.42,2,0.07,50,33,54,25,33,10,23,21,1728,105,553,796,404,32,48,43.8,41.7,896,2865,72,37,11,25,34,993,92,6,32,2,44,170,21,30,41.2
79,Jarrod Bowen,€48.4M,eng ENG,West Ham,"FW,MF",28-128,30,30,2631.0,9,7,1,0,7.5,6.3,97,87,183,0.31,0.55,0.25,0.22,N/a,N/a,N/a,N/a,40.0,1.03,0.11,17.8,509,71.8,8466,83.9,76.6,54.5,49,37,42,7,87,102,3.49,13,0.44,36,23,37,20,21,3,18,16,1097,25,125,398,597,150,114,35.1,57.0,647,2271,97,43,55,67,68,718,183,18,47,9,100,120,11,44,20.0
80,Elliot Anderson,€46.2M,eng ENG,Nott'ham Forest,MF,22-172,32,28,2317.0,2,6,6,0,1.7,3.1,37,115,78,0.08,0.31,0.06,0.12,N/a,N/a,N/a,N/a,17.6,0.23,0.06,19.9,863,77.8,13736,89.1,80.1,47.0,34,90,17,2,115,75,2.91,10,0.39,78,50,93,51,41,8,33,26,1480,88,354,694,460,55,68,50.0,38.2,740,1868,37,27,15,52,36,869,78,37,54,4,70,177,42,21,66.7
81,Pau Torres,€46.1M,es ESP,Aston Villa,DF,28-101,20,20,1729.0,0,0,1,0,0.5,0.1,33,74,4,0.0,0.0,0.03,0.0,N/a,N/a,N/a,N/a,25.0,0.1,0.00,11.7,1032,88.3,17916,94.7,93.1,51.2,2,93,7,0,74,12,0.62,2,0.1,20,14,15,6,14,10,4,9,1293,209,626,595,78,15,17,88.2,11.8,803,3503,33,20,0,3,3,923,4,6,7,0,1,53,16,22,42.1
82,Joelinton,€45.7M,br BRA,Newcastle Utd,"MF,FW",28-256,29,29,2393.0,4,3,10,0,3.9,2.5,40,116,110,0.15,0.26,0.15,0.09,N/a,N/a,N/a,N/a,28.9,0.49,0.09,14.0,863,82.7,12199,87.7,86.6,60.0,23,80,17,2,116,61,2.29,9,0.34,57,35,44,19,37,7,30,23,1360,67,256,670,448,83,46,32.6,60.9,729,1786,40,26,9,39,53,934,110,58,35,7,16,149,59,46,56.2
83,Jacob Ramsey,€45.7M,eng ENG,Aston Villa,"FW,MF",23-334,26,18,1485.0,1,3,2,0,1.4,2.1,57,64,103,0.06,0.24,0.09,0.12,N/a,N/a,N/a,N/a,23.5,0.24,0.06,16.1,470,85.5,6225,92.0,84.2,73.7,18,30,20,1,64,49,2.97,8,0.48,29,15,20,10,21,3,18,7,712,12,134,252,338,66,42,57.1,23.8,466,1598,57,31,19,39,21,542,103,12,24,5,10,74,6,10,37.5
84,Anthony Elanga,€45.6M,se SWE,Nott'ham Forest,FW,23-000,33,26,2052.0,6,9,1,0,3.9,4.4,79,47,164,0.26,0.66,0.17,0.19,N/a,N/a,N/a,N/a,45.7,0.7,0.17,16.8,426,65.3,6133,84.1,63.2,34.3,40,26,23,7,47,82,3.6,14,0.61,17,12,16,12,9,1,8,5,900,29,124,259,533,86,73,30.1,46.6,468,2071,79,41,36,65,35,592,164,7,32,13,142,79,22,33,40.0
85,Antoine Semenyo,€45.4M,gh GHA,Bournemouth,FW,25-110,32,32,2823.0,8,4,9,0,9.1,5.7,132,103,258,0.26,0.38,0.29,0.18,N/a,N/a,N/a,N/a,31.0,1.15,0.07,17.2,713,73.4,10210,85.0,76.7,38.0,44,47,44,8,103,121,3.86,12,0.38,51,33,40,26,55,7,48,8,1448,41,174,504,802,174,122,52.5,40.2,875,3299,132,64,64,75,69,1012,258,64,36,14,52,142,60,71,45.8
86,Noussair Mazraoui,€45.3M,ma MAR,Manchester Utd,DF,27-164,33,30,2565.0,0,1,2,0,0.6,1.3,36,102,47,0.0,0.04,0.02,0.05,N/a,N/a,N/a,N/a,25.0,0.11,0.00,20.8,1387,85.5,20824,91.4,89.2,54.3,17,116,18,5,102,48,1.68,1,0.04,100,59,84,34,32,8,24,33,1940,154,767,894,303,26,43,55.8,37.2,1070,2613,36,28,3,23,16,1175,47,37,21,3,20,137,46,27,63.0
87,Boubacar Kamara,€45.2M,fr FRA,Aston Villa,MF,25-155,22,16,1373.0,0,0,2,0,0.4,0.9,16,72,5,0.0,0.0,0.02,0.06,N/a,N/a,N/a,N/a,14.3,0.07,0.00,21.1,674,89.2,10544,93.5,91.4,53.1,10,77,8,0,72,24,1.57,2,0.13,46,19,51,25,17,7,10,16,911,88,288,520,109,8,22,36.4,31.8,467,1082,16,11,1,9,11,610,5,23,26,0,1,67,16,21,43.2
88,Justin Kluivert,€44.3M,nl NED,Bournemouth,"MF,FW",25-357,29,25,2026.0,12,6,7,0,9.9,4.8,68,94,142,0.53,0.8,0.44,0.21,N/a,N/a,N/a,N/a,44.0,0.98,0.12,20.1,495,73.8,7749,83.1,76.0,55.1,44,40,31,6,94,92,4.08,11,0.49,21,9,19,15,20,0,20,13,937,23,91,314,552,114,81,40.7,46.9,553,2006,68,46,34,46,24,607,142,39,27,5,76,68,7,23,23.3
89,Ezri Konsa,€44.3M,eng ENG,Aston Villa,DF,27-186,30,29,2576.0,1,0,0,0,0.9,0.4,16,73,11,0.03,0.03,0.03,0.01,N/a,N/a,N/a,N/a,33.3,0.1,0.11,9.1,1372,92.7,22993,96.3,95.7,65.0,5,93,1,0,73,23,0.8,3,0.1,32,17,22,4,17,9,8,21,1693,213,795,807,99,20,17,41.2,41.2,986,2465,16,11,2,16,9,1177,11,6,42,0,5,86,27,21,56.3
90,Rayan Aït Nouri,€44M,dz ALG,Wolves,DF,23-325,33,33,2775.0,4,7,7,1,2.4,4.7,74,96,156,0.13,0.36,0.08,0.15,N/a,N/a,N/a,N/a,25.0,0.26,0.13,15.0,1278,83.9,17616,93.3,86.3,41.1,36,66,27,9,96,75,2.43,12,0.39,81,51,66,25,40,6,34,22,1895,85,518,808,592,82,111,48.6,38.7,977,2762,74,53,23,40,42,1154,156,28,38,5,83,131,20,28,41.7
91,Manuel Akanji,€43.7M,ch SUI,Manchester City,DF,29-282,22,20,1711.0,0,0,3,0,0.7,0.4,38,135,6,0.0,0.0,0.04,0.02,N/a,N/a,N/a,N/a,10.0,0.05,0.00,16.3,1395,93.9,22867,95.9,95.5,73.9,9,150,11,2,135,34,1.79,2,0.11,15,10,12,5,11,8,3,7,1598,108,472,776,352,11,2,100.0,0.0,1044,3286,38,52,0,4,5,1264,6,16,9,0,11,86,24,29,45.3
92,Joshua Zirkzee,€43.3M,nl NED,Manchester Utd,"FW,MF",23-340,32,14,1402.0,3,1,2,0,4.8,1.5,14,44,69,0.19,0.26,0.31,0.1,N/a,N/a,N/a,N/a,39.3,0.71,0.11,13.1,292,71.2,3600,78.1,74.4,50.0,12,26,6,0,44,31,1.99,3,0.19,14,8,10,5,15,4,11,6,587,16,71,303,219,56,35,31.4,68.6,327,523,14,21,4,41,30,418,69,9,13,3,4,57,21,54,28.0
93,Youri Tielemans,€43.3M,be BEL,Aston Villa,MF,27-355,34,34,2915.0,2,7,4,0,3.0,6.9,37,226,44,0.06,0.28,0.09,0.21,N/a,N/a,N/a,N/a,30.6,0.34,0.06,20.4,1639,82.4,28103,90.1,87.6,53.8,59,221,35,4,226,116,3.58,12,0.37,82,56,72,33,36,15,21,21,2296,97,460,1324,537,41,57,52.6,31.6,1242,2466,37,26,9,30,28,1610,44,40,53,0,115,140,22,18,55.0
94,Antonee Robinson,€42.7M,us USA,Fulham,DF,27-262,33,32,2899.0,0,10,8,0,0.7,4.1,110,120,257,0.0,0.31,0.02,0.13,N/a,N/a,N/a,N/a,12.5,0.06,0.00,22.1,1482,76.5,25356,86.5,78.9,56.6,41,109,50,26,120,74,2.3,11,0.34,84,56,86,43,36,6,30,56,2339,121,741,893,739,65,75,44.0,41.3,1252,3937,110,59,29,40,18,1402,257,30,17,6,158,142,45,25,64.3
95,Yankuba Minteh,€42.6M,gm GAM,Brighton,"FW,MF",20-279,28,16,1499.0,5,4,6,0,3.7,4.7,68,37,159,0.3,0.54,0.22,0.29,N/a,N/a,N/a,N/a,46.4,0.78,0.18,13.6,284,61.9,4591,77.6,62.1,45.8,25,12,28,7,37,52,3.13,10,0.6,43,31,45,28,17,0,17,10,687,27,122,194,389,117,81,46.9,44.4,391,1684,68,17,53,42,19,405,159,17,9,4,73,73,16,25,39.0
96,Harvey Barnes,€42.6M,eng ENG,Newcastle Utd,FW,27-139,29,13,1413.0,9,4,0,0,6.3,3.7,74,69,159,0.57,0.83,0.4,0.24,N/a,N/a,N/a,N/a,30.8,1.02,0.17,14.7,402,79.3,5600,87.2,74.7,64.7,21,21,34,8,69,52,3.3,9,0.57,16,9,7,4,7,1,6,6,675,15,82,225,373,101,56,37.5,50.0,470,2026,74,38,41,24,18,538,159,10,18,4,37,46,5,14,26.3
97,Matheus Nunes,€42.3M,pt POR,Manchester City,"DF,MF",26-243,23,16,1404.0,1,5,4,0,0.9,4.2,56,66,151,0.06,0.38,0.06,0.27,N/a,N/a,N/a,N/a,42.9,0.19,0.14,18.3,885,86.5,13810,91.4,88.7,66.2,21,43,25,7,66,39,2.5,6,0.38,28,18,31,18,14,3,11,12,1166,35,207,442,522,53,33,45.5,39.4,717,1991,56,26,22,27,11,842,151,28,14,6,37,57,13,15,46.4
98,Jan Paul van Hecke,€41.9M,nl NED,Brighton,DF,24-323,30,29,2598.0,1,1,8,1,1.3,1.5,53,209,5,0.03,0.07,0.04,0.05,N/a,N/a,N/a,N/a,31.3,0.17,0.06,14.1,1795,87.9,35321,93.0,93.0,65.6,13,202,16,4,209,48,1.66,3,0.1,39,25,37,17,32,19,13,23,2316,246,987,1196,153,30,10,40.0,40.0,1536,6643,53,41,0,12,7,1628,5,22,22,0,11,119,73,48,60.3
99,Guglielmo Vicario,€41.6M,it ITA,Tottenham,GK,28-202,21,21,1890.0,0,0,1,0,0.0,0.0,0,1,0,0.0,0.0,0.0,0.0,1.29,68.6,19.0,N/a,N/a,0.0,N/a,N/a,681,90.0,13042,99.1,97.5,53.0,0,1,0,0,1,3,0.14,0,0.0,0,0,0,0,0,0,0,1,805,535,787,18,0,0,1,100.0,0.0,577,1533,0,0,0,0,0,520,0,0,1,0,0,30,9,0,100.0
100,Georginio Rutter,€41.2M,fr FRA,Brighton,"MF,FW",23-007,28,19,1656.0,5,3,2,0,4.6,2.5,42,67,79,0.27,0.43,0.25,0.14,N/a,N/a,N/a,N/a,24.0,0.65,0.10,15.5,237,66.8,3344,77.0,66.7,62.5,19,30,16,1,67,64,3.47,8,0.43,39,15,36,22,20,3,17,10,641,20,83,246,326,79,71,38.0,47.9,361,1405,42,36,16,45,37,411,79,34,45,7,9,66,25,46,35.2
101,Nikola Milenković,€40.6M,rs SRB,Nott'ham Forest,DF,27-197,32,32,2880.0,4,2,4,0,3.6,0.8,3,47,6,0.12,0.19,0.11,0.03,N/a,N/a,N/a,N/a,26.9,0.22,0.15,12.1,705,80.8,14175,86.9,87.1,60.4,7,47,2,0,47,18,0.56,3,0.09,42,26,27,6,38,22,16,24,1189,225,650,463,80,58,1,100.0,0.0,454,939,3,3,2,2,2,603,6,16,4,1,0,71,91,36,71.7
102,Bilal El Khannouss,€40.6M,ma MAR,Leicester City,MF,20-352,29,24,1920.0,2,2,4,0,0.9,3.3,62,117,78,0.09,0.19,0.04,0.15,N/a,N/a,N/a,N/a,26.1,0.28,0.09,22.8,713,75.2,12707,86.0,80.6,57.4,31,81,27,5,117,59,2.77,4,0.19,46,26,28,13,19,4,15,6,1125,16,162,584,391,27,46,58.7,37.0,646,1794,62,38,9,35,34,752,78,27,9,1,78,83,19,19,50.0
103,Emile Smith Rowe,€40.4M,eng ENG,Fulham,MF,24-273,30,23,1852.0,6,2,2,0,4.3,1.1,50,120,113,0.29,0.39,0.21,0.05,N/a,N/a,N/a,N/a,29.4,0.49,0.18,15.4,834,90.0,11939,92.0,95.4,69.2,18,74,15,1,120,65,3.16,11,0.53,30,17,24,16,20,2,18,11,1110,20,153,523,444,55,33,48.5,45.5,720,1832,50,38,11,32,13,853,113,17,12,4,13,68,6,17,26.1
104,Mikel Merino,€39.7M,es ESP,Arsenal,"MF,FW",28-309,25,15,1401.0,6,2,2,0,4.4,1.9,9,61,86,0.39,0.51,0.28,0.12,N/a,N/a,N/a,N/a,37.5,0.77,0.19,10.5,412,77.9,5686,87.0,78.3,53.3,15,33,24,4,61,39,2.51,4,0.26,38,22,29,14,17,5,12,13,709,35,127,300,291,72,17,41.2,35.3,349,638,9,12,4,21,22,460,86,35,20,7,12,76,57,52,52.3
105,Marc Cucurella,€39.6M,es ESP,Chelsea,DF,26-279,32,29,2628.0,4,1,10,1,2.6,1.9,30,104,108,0.14,0.17,0.09,0.06,N/a,N/a,N/a,N/a,40.9,0.31,0.18,16.5,1529,88.0,24117,93.9,90.0,57.4,18,108,12,3,104,46,1.58,5,0.17,58,38,50,25,40,13,27,23,2014,100,603,933,486,72,13,30.8,53.8,864,2105,30,17,2,26,6,1259,108,33,32,3,29,110,29,51,36.3
106,Max Kilman,€39.3M,eng ENG,West Ham,DF,27-339,34,34,2988.0,0,1,4,0,1.4,1.2,29,109,6,0.0,0.03,0.04,0.04,N/a,N/a,N/a,N/a,18.2,0.06,0.00,8.4,1508,86.9,29256,92.1,92.7,58.5,16,100,4,0,109,28,0.84,3,0.09,30,17,23,4,55,37,18,37,2111,424,1173,849,104,30,20,70.0,10.0,1109,2855,29,12,2,16,2,1402,6,17,12,2,3,135,101,48,67.8
107,Leon Bailey,€38.6M,jm JAM,Aston Villa,"FW,MF",27-261,23,14,1138.0,1,2,3,0,1.7,1.5,57,35,121,0.08,0.24,0.14,0.12,N/a,N/a,N/a,N/a,21.4,0.47,0.04,17.3,273,70.7,4275,81.4,81.1,47.4,16,16,20,2,35,38,3.01,4,0.32,6,4,10,8,6,0,6,3,539,18,76,155,318,69,57,38.6,42.1,344,1334,57,22,33,35,25,386,121,12,18,3,34,59,6,9,40.0
108,Diogo Dalot,€37.5M,pt POR,Manchester Utd,DF,26-040,32,31,2788.0,0,3,5,0,2.0,2.0,62,102,164,0.0,0.1,0.06,0.07,N/a,N/a,N/a,N/a,21.7,0.16,0.00,15.6,1336,80.5,21497,89.9,81.9,55.4,26,61,25,8,102,74,2.39,5,0.16,67,39,52,18,22,9,13,37,1965,113,658,767,557,66,53,50.9,41.5,1111,2684,62,37,16,37,21,1186,164,40,9,4,65,164,38,21,64.4
109,Edson Álvarez,€36.7M,mx MEX,West Ham,MF,27-185,25,19,1633.0,0,1,8,1,0.3,0.8,21,75,18,0.0,0.06,0.02,0.04,N/a,N/a,N/a,N/a,9.1,0.06,0.00,26.7,763,85.7,12894,88.8,89.7,73.5,11,80,11,3,75,25,1.38,2,0.11,44,23,33,18,21,8,13,16,1101,61,323,612,174,12,31,45.2,38.7,603,1528,21,20,2,25,13,734,18,37,18,4,6,78,28,20,58.3
110,Joe Willock,€36.4M,eng ENG,Newcastle Utd,"MF,FW",25-250,29,10,953.0,0,2,2,0,1.4,1.9,34,35,76,0.0,0.19,0.14,0.18,N/a,N/a,N/a,N/a,18.8,0.28,0.00,15.7,262,81.9,3708,88.6,86.0,42.1,21,23,8,0,35,41,3.88,4,0.38,25,15,28,10,22,5,17,6,471,12,70,198,211,47,31,35.5,45.2,281,887,34,23,12,32,23,327,76,20,12,3,15,35,5,13,27.8
111,Jadon Sancho,€36.2M,eng ENG,Chelsea,FW,25-033,28,18,1668.0,3,4,1,0,2.0,3.4,96,86,214,0.16,0.38,0.11,0.18,N/a,N/a,N/a,N/a,30.4,0.38,0.13,15.3,624,82.5,8433,89.2,84.0,50.0,35,25,46,0,86,65,3.51,10,0.54,10,6,12,7,9,0,9,2,915,11,114,267,544,116,95,47.4,40.0,619,2337,96,32,55,29,21,715,214,6,11,5,23,97,5,10,33.3
112,Jean-Clair Todibo,€36.1M,fr FRA,West Ham,DF,25-118,23,16,1485.0,0,0,2,0,0.2,0.0,9,30,6,0.0,0.0,0.01,0.0,N/a,N/a,N/a,N/a,0.0,0.0,0.00,14.6,760,87.9,13564,92.9,94.9,45.3,2,40,1,0,30,5,0.3,0,0.0,36,22,30,7,23,12,11,20,1044,143,585,430,38,9,14,50.0,50.0,599,1335,9,5,0,9,8,714,6,10,5,0,2,62,23,23,50.0
113,Lewis Hall,€36.1M,eng ENG,Newcastle Utd,DF,20-231,27,24,2189.0,0,4,3,0,0.4,4.3,41,123,80,0.0,0.16,0.02,0.18,N/a,N/a,N/a,N/a,9.1,0.04,0.00,18.8,1300,81.7,21999,91.3,85.1,51.5,34,114,17,5,123,63,2.59,6,0.25,58,41,74,34,33,18,15,18,1820,95,623,804,414,47,21,52.4,33.3,950,2358,41,22,13,33,20,1094,80,9,21,1,110,119,30,31,49.2
114,Malo Gusto,€36.1M,fr FRA,Chelsea,DF,21-343,28,19,1819.0,0,1,4,0,1.7,1.2,48,118,84,0.0,0.05,0.08,0.06,N/a,N/a,N/a,N/a,18.2,0.2,0.00,21.3,1168,86.4,19089,93.1,88.2,61.3,20,107,18,6,118,56,2.77,4,0.2,43,28,47,23,29,8,21,23,1553,57,375,752,438,42,15,26.7,66.7,861,2170,48,35,8,16,17,1047,84,20,18,2,51,114,8,15,34.8
115,Myles Lewis-Skelly,€35.7M,eng ENG,Arsenal,DF,18-213,19,12,1078.0,1,0,2,2,0.1,0.3,29,57,32,0.08,0.08,0.01,0.03,N/a,N/a,N/a,N/a,50.0,0.08,0.50,14.3,549,90.7,8096,95.7,90.8,63.2,6,54,8,1,57,21,1.75,0,0.0,21,14,9,0,1,0,1,6,705,18,124,386,208,14,26,46.2,34.6,402,1332,29,21,5,9,8,482,32,10,35,0,8,42,7,7,50.0
116,Pervis Estupiñán,€35.4M,ec ECU,Brighton,DF,27-096,27,23,2132.0,1,1,5,0,1.0,2.1,55,113,105,0.04,0.08,0.04,0.09,N/a,N/a,N/a,N/a,31.8,0.3,0.05,25.0,1203,83.3,18369,93.4,83.3,50.3,24,93,31,18,113,51,2.15,4,0.17,54,36,44,15,16,2,14,30,1700,69,424,842,451,29,29,51.7,44.8,905,2321,55,54,9,30,25,1034,105,33,16,3,111,135,41,26,61.2
117,André Onana,€34.2M,cm CMR,Manchester Utd,GK,29-025,32,32,2880.0,0,0,0,0,0.0,0.2,0,1,0,0.0,0.0,0.0,0.01,1.31,69.5,28.1,25.0,N/a,0.0,N/a,N/a,892,73.0,21204,99.1,99.0,36.2,1,23,0,0,1,4,0.12,0,0.0,1,1,3,2,0,0,0,0,1286,975,1265,22,0,0,0,N/a,N/a,912,2579,0,0,0,1,0,791,0,0,2,0,0,30,6,0,100.0
118,Vitaliy Mykolenko,€33.5M,ua UKR,Everton,DF,25-333,31,31,2722.0,0,1,2,0,0.4,1.6,31,102,84,0.0,0.03,0.01,0.05,N/a,N/a,N/a,N/a,0.0,0.0,0.00,20.5,874,74.3,14736,88.8,74.1,45.2,20,96,37,22,102,37,1.22,3,0.1,54,32,50,25,24,9,15,36,1489,112,471,641,388,26,20,40.0,45.0,609,1416,31,26,1,20,10,753,84,20,28,3,86,77,44,36,55.0
119,Liam Delap,€33M,eng ENG,Ipswich Town,FW,22-078,33,30,2424.0,12,2,9,0,9.1,1.9,59,30,104,0.45,0.52,0.34,0.07,N/a,N/a,N/a,N/a,43.5,1.0,0.16,16.0,208,61.0,2883,70.1,63.5,39.1,20,16,6,0,30,60,2.23,7,0.26,10,7,14,12,8,0,8,2,647,29,76,271,320,87,80,46.3,43.8,422,1485,59,44,28,96,55,507,104,65,48,13,5,64,52,67,43.7
120,Jarrad Branthwaite,€32.9M,eng ENG,Everton,DF,22-304,27,25,2258.0,0,1,4,0,1.1,0.6,9,57,2,0.0,0.04,0.04,0.02,N/a,N/a,N/a,N/a,37.5,0.12,0.00,8.2,851,81.6,16684,89.7,90.3,55.0,2,75,2,0,57,12,0.48,2,0.08,35,20,26,7,29,21,8,23,1345,196,713,581,58,22,5,60.0,20.0,643,2143,9,13,2,8,3,774,2,10,15,1,3,80,50,36,58.1
121,Joachim Andersen,€32.9M,dk DEN,Fulham,DF,28-331,25,25,2223.0,0,0,5,1,0.9,0.3,13,103,2,0.0,0.0,0.04,0.01,N/a,N/a,N/a,N/a,25.0,0.16,0.00,15.7,1437,82.9,31834,91.5,93.6,55.8,3,169,6,3,103,30,1.22,2,0.08,24,17,20,7,31,25,6,30,2019,285,1056,886,89,19,6,66.7,0.0,1175,2831,13,12,1,5,3,1393,2,15,17,0,10,105,61,35,63.5
122,Matty Cash,€32.8M,pl POL,Aston Villa,DF,27-263,23,20,1710.0,1,1,6,0,0.3,1.1,44,38,70,0.05,0.11,0.02,0.06,N/a,N/a,N/a,N/a,40.0,0.21,0.10,19.0,607,78.6,10099,89.7,79.8,49.4,10,36,8,4,38,22,1.16,2,0.11,46,26,33,10,17,6,11,21,963,70,350,382,242,37,32,46.9,43.8,479,1576,44,33,4,17,6,547,70,24,15,1,30,61,17,19,47.2
123,Bart Verbruggen,€32M,nl NED,Brighton,GK,22-252,32,32,2880.0,0,1,5,0,0.0,0.0,0,2,0,0.0,0.03,0.0,0.0,1.69,63.3,18.8,0.0,N/a,0.0,N/a,N/a,919,78.0,21714,99.2,98.2,47.3,1,17,1,0,2,5,0.16,1,0.03,0,0,3,3,1,0,1,0,1258,999,1245,13,0,0,2,100.0,0.0,849,1576,0,1,1,2,0,814,0,0,2,0,0,58,10,1,90.9
124,Tyler Dibling,€32M,eng ENG,Southampton,"FW,MF",19-046,30,18,1697.0,2,0,6,0,2.5,1.5,67,60,90,0.11,0.11,0.13,0.08,N/a,N/a,N/a,N/a,32.1,0.48,0.07,19.3,462,80.8,6935,90.2,85.1,44.4,20,25,20,1,60,55,2.92,4,0.21,34,20,26,10,19,5,14,7,806,24,105,369,351,40,103,42.7,36.9,519,2096,67,47,26,41,53,604,90,28,48,2,27,74,10,21,32.3
125,Leandro Trossard,€31.8M,be BEL,Arsenal,FW,30-144,34,25,2264.0,8,5,4,1,6.6,5.1,71,91,202,0.32,0.52,0.26,0.2,N/a,N/a,N/a,N/a,30.3,0.8,0.12,16.0,616,73.6,10098,84.8,76.0,51.2,36,40,41,9,91,78,3.1,6,0.24,25,16,31,22,28,0,28,9,1118,15,117,350,667,137,70,41.4,44.3,710,1879,71,47,27,53,42,836,202,24,41,5,78,90,6,21,22.2
126,Jean-Philippe Mateta,€31.7M,fr FRA,Crystal Palace,FW,27-303,33,30,2442.0,14,2,2,0,12.1,3.1,37,46,114,0.52,0.59,0.45,0.11,N/a,N/a,N/a,N/a,41.7,0.92,0.20,15.6,269,65.0,3557,76.4,62.5,31.8,27,31,15,2,46,56,2.06,8,0.29,17,12,16,13,16,3,13,2,680,24,57,327,310,86,42,42.9,47.6,363,894,37,20,8,67,41,502,114,27,26,17,24,60,59,95,38.3
127,Rodrigo Bentancur,€31.4M,uy URU,Tottenham,MF,27-306,23,19,1518.0,2,0,7,0,1.3,0.4,26,99,34,0.12,0.12,0.08,0.03,N/a,N/a,N/a,N/a,22.7,0.3,0.09,17.4,916,88.1,14862,91.1,92.7,75.4,10,107,12,2,99,45,2.67,3,0.18,38,20,39,20,24,8,16,36,1252,70,299,747,215,24,18,44.4,44.4,739,1446,26,23,5,18,19,826,34,31,10,1,4,111,35,27,56.5
128,Yoane Wissa,€31.4M,cd COD,Brentford,FW,28-236,30,29,2470.0,16,3,2,0,14.9,1.8,48,56,131,0.58,0.69,0.54,0.07,N/a,N/a,N/a,N/a,45.9,1.24,0.22,13.7,394,77.1,5724,86.4,75.3,61.0,23,40,9,1,56,58,2.11,8,0.29,18,8,23,14,25,5,20,8,801,29,124,325,365,138,43,27.9,51.2,472,1345,48,20,26,62,27,569,131,26,44,14,20,61,28,31,47.5
129,Lucas Bergvall,€31.3M,se SWE,Tottenham,MF,19-084,26,10,1122.0,0,1,3,0,0.7,0.6,31,49,29,0.0,0.08,0.06,0.05,N/a,N/a,N/a,N/a,16.7,0.16,0.00,19.9,608,88.2,10149,92.7,90.3,75.8,11,50,7,3,49,21,1.68,4,0.32,37,19,31,14,16,7,9,22,845,34,176,456,226,20,44,47.7,43.2,510,1580,31,21,4,19,18,562,29,20,14,0,18,71,8,8,50.0
130,Alex Iwobi,€31.2M,ng NGA,Fulham,"FW,MF",28-359,34,32,2721.0,9,6,1,0,4.4,6.5,133,196,221,0.3,0.5,0.15,0.21,N/a,N/a,N/a,N/a,44.3,0.89,0.15,18.3,1036,74.4,17738,85.8,77.3,54.2,53,106,77,16,196,112,3.7,16,0.53,37,21,28,11,25,1,24,11,1692,31,225,677,815,107,84,50.0,45.2,1201,4048,133,100,37,54,39,1321,221,17,16,4,118,124,5,31,13.9
131,Facundo Buonanotte,€31.1M,ar ARG,Leicester City,"FW,MF",20-125,29,14,1474.0,4,2,7,0,3.8,3.1,39,52,69,0.24,0.37,0.23,0.19,N/a,N/a,N/a,N/a,29.4,0.61,0.12,17.9,430,76.6,6794,85.7,81.9,48.6,24,40,13,2,52,50,3.05,4,0.24,53,32,68,46,32,6,26,11,850,26,127,437,299,36,79,32.9,62.0,465,1320,39,26,8,53,39,516,69,35,33,3,41,77,17,35,32.7
132,Nathan Collins,€30.7M,ie IRL,Brentford,DF,23-362,33,33,2970.0,2,2,5,0,2.5,1.5,25,112,18,0.06,0.12,0.08,0.05,N/a,N/a,N/a,N/a,37.5,0.18,0.13,10.8,1501,85.8,28532,88.0,92.4,59.7,9,94,7,2,112,28,0.85,7,0.21,35,20,31,10,68,48,20,31,2139,341,1124,867,158,63,12,50.0,41.7,1125,3556,25,9,0,15,8,1303,18,24,25,6,7,145,103,57,64.4
133,Wesley Fofana,€30.4M,fr FRA,Chelsea,DF,24-131,14,14,1172.0,0,0,7,0,0.4,0.4,19,32,4,0.0,0.0,0.03,0.03,N/a,N/a,N/a,N/a,0.0,0.0,0.00,10.6,724,90.2,12262,93.9,92.5,61.9,6,54,1,0,32,15,1.15,0,0.0,13,12,14,8,14,9,5,14,933,81,370,523,55,10,15,53.3,20.0,557,1614,19,12,1,16,5,665,4,24,16,0,1,54,27,12,69.2
134,Jørgen Strand Larsen,€30.3M,no NOR,Wolves,FW,25-080,32,29,2463.0,13,2,4,0,10.3,2.4,16,28,105,0.48,0.55,0.37,0.09,N/a,N/a,N/a,N/a,60.4,1.17,0.25,11.5,271,63.0,3531,70.2,62.9,70.0,19,18,4,1,28,40,1.46,5,0.18,9,6,27,23,18,4,14,5,694,34,83,328,284,104,17,41.2,58.8,325,445,16,13,9,88,32,506,105,46,18,14,6,42,66,96,40.7
135,Yves Bissouma,€30M,ml MLI,Tottenham,MF,28-240,24,15,1210.0,2,0,7,0,0.6,0.3,15,71,3,0.15,0.15,0.04,0.02,N/a,N/a,N/a,N/a,40.0,0.3,0.20,23.2,693,89.4,10536,92.9,93.4,63.2,6,57,10,1,71,15,1.12,0,0.0,44,28,32,15,7,4,3,14,938,58,261,535,148,5,21,33.3,66.7,564,1513,15,17,0,22,13,657,3,22,18,0,2,71,4,7,36.4
136,Taylor Harwood-Bellis,€29.9M,eng ENG,Southampton,DF,23-087,31,29,2564.0,1,0,8,0,1.7,1.0,28,116,9,0.04,0.04,0.06,0.03,N/a,N/a,N/a,N/a,36.8,0.25,0.05,10.6,1742,88.0,32305,93.0,92.0,64.2,14,168,9,0,116,37,1.3,2,0.07,27,19,33,14,59,37,22,30,2267,305,1054,1051,171,38,3,100.0,0.0,1304,3602,28,27,0,15,5,1641,9,32,13,0,9,115,52,40,56.5
137,Calvin Bassey,€29.9M,ng NGA,Fulham,DF,25-117,32,31,2804.0,1,0,6,0,1.0,0.1,34,104,13,0.03,0.03,0.03,0.0,N/a,N/a,N/a,N/a,28.6,0.13,0.07,15.4,1758,89.6,30956,94.9,94.0,60.3,2,135,2,0,104,22,0.71,3,0.1,51,32,28,8,37,17,20,18,2244,294,1099,1050,119,17,29,44.8,34.5,1443,4328,34,16,4,32,8,1558,13,24,30,2,6,155,40,31,56.3
138,Aaron Wan-Bissaka,€29.7M,eng ENG,West Ham,DF,27-152,32,31,2794.0,2,2,1,0,1.1,2.9,95,128,143,0.06,0.13,0.04,0.09,N/a,N/a,N/a,N/a,33.3,0.16,0.13,15.5,1277,81.1,18345,89.9,82.4,47.5,29,89,29,11,128,83,2.67,7,0.23,61,43,26,7,31,9,22,59,1959,136,618,839,531,40,100,54.0,35.0,928,3256,95,56,12,28,21,1134,143,22,24,4,64,155,22,29,43.1
139,Kevin Schade,€29.7M,de GER,Brentford,FW,23-151,33,21,1931.0,7,2,3,0,6.2,3.3,54,32,139,0.33,0.42,0.29,0.16,N/a,N/a,N/a,N/a,42.2,0.89,0.16,11.9,279,58.7,4339,69.2,60.1,41.5,19,29,9,3,32,46,2.15,8,0.37,34,23,20,8,14,2,12,5,757,37,124,209,439,121,75,34.7,57.3,382,1236,54,26,33,48,33,468,139,19,31,13,36,71,75,62,54.7
140,André,€29.4M,br BRA,Wolves,MF,23-285,29,27,2170.0,0,0,7,0,0.4,0.7,8,92,11,0.0,0.0,0.01,0.03,N/a,N/a,N/a,N/a,12.5,0.04,0.00,25.8,1074,92.7,16927,95.3,95.0,79.3,14,97,4,0,92,43,1.78,3,0.12,75,45,54,23,41,8,33,31,1403,80,380,908,130,3,27,48.1,37.0,767,1391,8,15,0,27,16,939,11,34,32,0,0,173,2,6,25.0
141,Daniel Muñoz,€28.9M,co COL,Crystal Palace,DF,28-336,33,33,2868.0,4,4,9,0,4.6,4.4,49,83,183,0.13,0.25,0.14,0.14,N/a,N/a,N/a,N/a,37.5,0.38,0.13,12.3,1004,75.8,15308,85.7,77.1,44.3,39,53,31,13,83,74,2.32,9,0.28,109,70,86,37,35,3,32,39,1788,107,508,743,556,89,50,38.0,58.0,695,1461,49,32,15,50,18,846,183,47,19,13,60,149,56,73,43.4
142,David Raya,€28.7M,es ESP,Arsenal,GK,29-224,34,34,3060.0,0,0,2,0,0.0,0.0,0,12,0,0.0,0.0,0.0,0.0,0.85,75.5,35.3,0.0,N/a,0.0,N/a,N/a,945,74.7,22291,99.3,98.4,38.1,0,39,1,0,12,4,0.12,1,0.03,0,0,2,2,0,0,0,2,1321,772,1240,81,0,0,1,100.0,0.0,821,2479,0,0,0,1,0,756,0,1,8,0,0,38,10,0,100.0
143,Mikkel Damsgaard,€28.6M,dk DEN,Brentford,"MF,FW",24-298,33,29,2495.0,2,10,2,0,2.6,7.3,62,204,115,0.07,0.43,0.09,0.26,N/a,N/a,N/a,N/a,22.6,0.25,0.06,17.1,954,72.8,16253,85.4,73.5,52.8,55,144,62,15,204,109,3.93,21,0.76,73,40,69,42,33,2,31,25,1619,33,293,734,614,70,89,51.7,36.0,924,2615,62,42,9,53,42,1075,115,15,26,6,118,152,12,25,32.4
144,Radu Drăguşin,€28.4M,ro ROU,Tottenham,DF,23-083,16,14,1252.0,0,0,1,0,0.1,0.4,7,37,2,0.0,0.0,0.01,0.03,N/a,N/a,N/a,N/a,20.0,0.07,0.00,12.7,716,85.2,13638,91.0,93.0,43.9,4,52,2,1,37,8,0.58,1,0.07,10,6,12,6,22,16,6,15,961,148,510,430,30,12,2,0.0,0.0,623,1666,7,3,0,8,2,669,2,6,10,0,1,48,33,22,60.0
145,Leif Davis,€28.4M,eng ENG,Ipswich Town,DF,25-105,31,30,2563.0,1,2,5,1,0.9,4.3,48,55,117,0.04,0.11,0.03,0.15,N/a,N/a,N/a,N/a,14.3,0.07,0.07,20.4,854,71.5,14708,86.0,77.4,37.3,54,30,26,11,55,85,2.98,4,0.14,45,26,46,17,24,8,16,25,1459,115,517,484,477,36,37,35.1,45.9,659,1940,48,27,10,36,14,770,117,25,30,3,148,111,33,22,60.0
146,Dango Ouattara,€28.2M,bf BFA,Bournemouth,FW,23-075,30,19,1843.0,7,4,2,0,8.2,5.2,73,41,184,0.34,0.54,0.4,0.25,N/a,N/a,N/a,N/a,33.9,0.98,0.12,13.4,339,59.8,5400,72.4,62.2,39.1,31,20,23,9,41,65,3.18,6,0.29,31,23,38,22,33,8,25,8,885,55,148,285,470,123,74,48.6,43.2,454,1611,73,32,37,55,30,535,184,15,17,13,80,83,41,57,41.8
147,Sander Berge,€27.9M,no NOR,Fulham,MF,27-072,27,23,2017.0,0,0,4,0,0.2,0.6,27,110,8,0.0,0.0,0.01,0.03,N/a,N/a,N/a,N/a,0.0,0.0,0.00,7.6,984,91.3,17529,91.6,94.4,84.0,17,104,4,0,110,41,1.83,2,0.09,48,28,37,12,26,8,18,20,1254,75,345,719,196,13,20,55.0,30.0,733,1793,27,22,2,11,15,808,8,27,8,0,3,116,25,20,55.6
148,Omari Giraud-Hutchinson,€27.6M,eng ENG,Ipswich Town,"MF,FW",21-179,27,26,2223.0,3,2,5,0,2.3,2.5,71,69,131,0.12,0.2,0.09,0.1,N/a,N/a,N/a,N/a,44.4,0.65,0.08,20.8,581,78.3,9129,88.2,84.6,52.7,23,43,20,9,69,64,2.59,6,0.24,30,11,45,32,24,1,23,10,1061,12,168,450,463,74,114,39.5,47.4,645,2288,71,35,30,68,55,748,131,28,36,4,56,90,6,22,21.4
149,Keane Lewis-Potter,€27.3M,eng ENG,Brentford,"DF,FW",24-064,33,31,2714.0,1,3,5,0,2.6,3.0,92,88,143,0.03,0.13,0.08,0.1,N/a,N/a,N/a,N/a,51.9,0.46,0.04,20.5,858,77.2,14139,89.4,79.0,49.7,22,56,40,14,88,65,2.16,8,0.27,44,26,42,16,24,9,15,19,1414,93,430,542,460,69,94,40.4,50.0,747,2921,92,61,34,42,18,835,143,14,27,4,67,131,26,33,44.1
150,Lesley Ugochukwu,€27.1M,fr FRA,Southampton,MF,21-032,23,15,1447.0,1,1,5,0,0.8,1.0,27,48,20,0.06,0.12,0.05,0.06,N/a,N/a,N/a,N/a,11.1,0.06,0.11,18.4,536,84.4,8330,86.9,91.9,57.1,14,50,6,1,48,23,1.43,1,0.06,46,22,32,15,25,9,16,12,793,45,191,446,162,23,26,69.2,26.9,431,1122,27,14,6,11,10,538,20,26,14,0,6,59,18,17,51.4
151,Dwight McNeil,€27M,eng ENG,Everton,"MF,FW",25-156,17,13,1185.0,3,4,1,0,1.1,3.8,32,61,68,0.23,0.53,0.08,0.29,N/a,N/a,N/a,N/a,37.5,0.68,0.13,21.6,390,73.0,7325,86.2,81.1,52.9,33,35,33,10,61,62,4.71,7,0.53,11,6,19,11,7,0,7,5,645,3,65,280,315,22,38,55.3,42.1,374,970,32,29,4,22,28,435,68,6,14,1,92,65,3,14,17.6
152,Evanilson,€26.9M,br BRA,Bournemouth,FW,25-203,26,23,1903.0,9,0,0,0,11.0,1.5,25,19,86,0.43,0.43,0.52,0.07,N/a,N/a,N/a,N/a,45.2,1.32,0.15,12.9,190,68.8,2309,73.5,71.4,69.2,22,14,2,0,19,55,2.6,7,0.33,14,9,10,4,10,2,8,0,462,22,47,172,246,112,19,31.6,36.8,267,695,25,14,14,30,21,322,86,28,40,16,0,55,38,55,40.9
153,Sepp van den Berg,€26.4M,nl NED,Brentford,DF,23-128,26,24,2136.0,0,0,2,0,1.4,0.2,8,66,27,0.0,0.0,0.06,0.01,N/a,N/a,N/a,N/a,28.6,0.17,0.00,10.9,876,83.9,15011,87.0,88.3,62.9,4,55,3,1,66,20,0.84,2,0.08,35,22,25,9,47,33,14,19,1329,236,673,502,157,40,7,57.1,42.9,583,1446,8,9,0,14,6,742,27,19,5,1,7,79,79,62,56.0
154,Maxence Lacroix,€25.8M,fr FRA,Crystal Palace,DF,25-021,31,31,2756.0,1,1,5,0,2.8,0.8,8,59,7,0.03,0.07,0.09,0.02,N/a,N/a,N/a,N/a,20.0,0.16,0.04,11.8,1093,81.9,22521,85.3,90.9,55.3,6,66,2,1,59,26,0.85,4,0.13,67,40,47,15,41,16,25,50,1737,314,1060,612,72,36,13,61.5,23.1,931,1946,8,4,0,21,3,1024,7,31,18,1,6,121,54,44,55.1
155,Tomáš Souček,€25.6M,cz CZE,West Ham,MF,30-059,31,26,2251.0,8,1,8,0,5.9,1.0,6,68,63,0.32,0.36,0.24,0.04,N/a,N/a,N/a,N/a,28.0,0.56,0.16,11.2,623,73.8,10496,78.8,77.2,69.8,14,58,8,1,68,43,1.72,3,0.12,40,19,37,17,34,17,17,18,1115,110,309,544,266,97,11,54.5,45.5,430,448,6,10,3,16,10,666,63,41,24,4,11,52,90,65,58.1
156,Callum Hudson-Odoi,€25.4M,eng ENG,Nott'ham Forest,"FW,MF",24-171,28,24,2107.0,5,2,2,0,2.5,2.7,126,66,186,0.21,0.3,0.11,0.11,N/a,N/a,N/a,N/a,45.9,0.73,0.14,18.3,660,82.1,9651,92.0,81.9,50.0,44,35,30,10,66,94,4.02,11,0.47,20,14,16,5,11,0,11,13,988,14,107,316,590,72,62,58.1,29.0,617,3301,126,61,45,44,23,751,186,12,21,8,74,90,3,10,23.1
157,Jacob Greaves,€25.4M,eng ENG,Ipswich Town,DF,24-227,21,21,1845.0,1,0,5,0,1.2,0.0,6,51,7,0.05,0.05,0.06,0.0,N/a,N/a,N/a,N/a,50.0,0.2,0.13,8.3,792,86.5,12990,93.1,90.1,41.4,2,59,1,0,51,13,0.63,0,0.0,31,14,26,9,36,24,12,18,1141,243,618,456,71,15,3,66.7,33.3,524,925,6,9,0,7,2,704,7,11,18,1,0,43,58,38,60.4
158,Wout Faes,€25.3M,be BEL,Leicester City,DF,27-024,30,26,2455.0,1,0,4,0,1.4,0.1,12,73,1,0.04,0.04,0.05,0.0,N/a,N/a,N/a,N/a,9.1,0.04,0.09,10.0,1175,87.1,21776,93.4,94.8,52.7,4,76,6,0,73,14,0.51,0,0.0,39,24,42,20,45,33,12,26,1654,272,811,784,67,26,6,83.3,16.7,952,2603,12,13,2,16,6,1086,1,21,9,1,5,84,41,34,54.7
159,Mateo Kovačić,€25.3M,hr CRO,Manchester City,MF,30-356,28,22,1960.0,6,1,5,0,1.7,3.5,51,142,15,0.28,0.32,0.08,0.16,N/a,N/a,N/a,N/a,31.6,0.55,0.16,22.2,1523,92.5,23541,95.0,95.6,62.5,28,178,27,0,142,59,2.71,6,0.28,61,36,59,32,19,0,19,20,1859,48,274,1063,543,16,38,52.6,28.9,1259,3432,51,71,3,16,29,1506,15,22,22,0,0,109,9,7,56.3
160,Tyrick Mitchell,€25.1M,eng ENG,Crystal Palace,DF,25-238,34,34,2852.0,0,4,2,0,1.2,5.6,56,62,160,0.0,0.13,0.04,0.18,N/a,N/a,N/a,N/a,18.2,0.06,0.00,13.4,904,72.2,14514,84.3,74.5,42.3,37,45,31,14,62,66,2.08,5,0.16,85,52,41,20,62,12,50,14,1614,104,560,615,452,42,31,41.9,48.4,742,1555,56,33,9,35,28,827,160,20,22,2,97,152,18,21,46.2
161,Iliman Ndiaye,€24.9M,sn SEN,Everton,FW,25-052,29,26,2162.0,7,0,3,0,5.2,1.6,79,45,106,0.29,0.29,0.22,0.07,N/a,N/a,N/a,N/a,41.9,0.54,0.16,17.3,514,80.6,7768,86.0,85.8,68.0,17,34,14,5,45,58,2.42,5,0.21,47,25,44,25,25,4,21,17,956,32,197,397,410,74,134,45.5,47.0,551,2169,79,40,29,48,38,582,106,21,46,5,35,160,5,17,22.7
162,Ismaïla Sarr,€24.9M,sn SEN,Crystal Palace,"MF,FW",27-061,34,26,2392.0,7,4,4,0,8.7,7.0,67,76,164,0.26,0.41,0.33,0.26,N/a,N/a,N/a,N/a,50.0,0.9,0.15,13.3,438,66.6,6582,74.8,70.8,47.7,37,26,36,8,76,97,3.65,9,0.34,21,10,23,16,22,7,15,8,954,39,156,367,441,118,51,29.4,52.9,526,1855,67,42,26,61,41,650,164,12,49,11,50,99,31,46,40.3
163,Robert Sánchez,€24.8M,es ESP,Chelsea,GK,27-160,28,28,2520.0,0,0,5,0,0.0,0.1,0,1,0,0.0,0.0,0.0,0.0,1.11,76.7,28.6,20.0,N/a,0.0,N/a,N/a,790,72.1,18908,99.5,96.3,38.9,2,24,1,0,1,7,0.25,2,0.07,0,0,1,1,0,0,0,2,1163,856,1152,11,0,0,0,N/a,N/a,777,2394,0,0,0,0,0,724,0,2,4,0,0,41,8,0,100.0
164,Tosin Adarabioyo,€24.8M,eng ENG,Chelsea,DF,27-215,20,13,1229.0,1,1,3,0,0.9,0.2,5,37,1,0.07,0.15,0.07,0.02,N/a,N/a,N/a,N/a,16.7,0.15,0.08,12.5,988,91.4,18105,95.7,94.9,61.1,1,53,1,0,37,12,0.88,1,0.07,14,10,12,4,9,7,2,10,1198,160,570,603,26,13,5,80.0,0.0,713,1690,5,2,0,3,0,916,1,8,6,1,0,34,36,26,58.1
165,Tyler Adams,€24.5M,us USA,Bournemouth,MF,26-072,23,16,1530.0,0,3,6,0,1.6,0.8,12,61,7,0.0,0.18,0.09,0.05,N/a,N/a,N/a,N/a,25.0,0.12,0.00,16.1,674,83.1,10605,88.2,87.9,56.9,14,52,2,1,61,35,2.06,4,0.24,74,45,62,28,27,7,20,29,1041,46,270,601,182,15,16,18.8,56.3,491,1059,12,17,1,25,9,555,7,40,18,0,3,91,29,15,65.9
166,Alisson,€24.5M,br BRA,Liverpool,GK,32-207,23,23,2058.0,0,0,0,0,0.0,0.6,0,0,0,0.0,0.0,0.0,0.03,0.83,72.1,39.1,N/a,N/a,0.0,N/a,N/a,590,82.4,13140,98.9,98.4,46.8,1,10,0,0,0,6,0.26,1,0.04,1,0,1,1,0,0,0,0,758,551,743,15,0,0,1,100.0,0.0,484,1136,0,0,0,1,0,454,0,0,2,0,0,41,6,0,100.0
167,Jesper Lindstrøm,€24.4M,dk DEN,Everton,FW,25-057,25,15,1239.0,0,1,2,0,2.1,2.0,30,25,81,0.0,0.07,0.15,0.15,N/a,N/a,N/a,N/a,35.7,0.73,0.00,21.0,297,69.4,4593,86.2,65.7,44.6,19,18,12,7,25,46,3.35,1,0.07,45,25,55,36,15,3,12,12,625,22,127,206,303,40,43,18.6,72.1,302,780,30,19,7,31,24,347,81,15,10,1,71,70,6,12,33.3
168,Marcus Tavernier,€24.4M,eng ENG,Bournemouth,"FW,MF",26-036,24,16,1561.0,3,5,5,0,5.2,2.8,37,99,103,0.17,0.46,0.3,0.16,N/a,N/a,N/a,N/a,31.3,0.86,0.06,20.5,525,72.6,8934,86.3,78.2,43.6,36,61,29,9,99,82,4.73,10,0.58,38,23,25,16,14,2,12,4,942,18,104,354,504,49,47,42.6,51.1,534,1525,37,35,7,36,42,601,103,25,20,4,89,96,22,30,42.3
169,Beto,€24.4M,gw GNB,Everton,FW,27-086,26,11,1192.0,6,0,2,0,6.1,0.8,12,9,62,0.45,0.45,0.46,0.06,N/a,N/a,N/a,N/a,51.4,1.36,0.17,13.6,116,56.6,1593,68.0,48.5,87.5,8,5,3,1,9,17,1.28,0,0.0,13,6,8,3,7,1,6,3,403,21,41,182,185,65,32,53.1,43.8,210,387,12,9,9,53,32,291,62,29,18,14,3,29,74,86,46.3
170,Orel Mangala,€24.4M,be BEL,Everton,MF,27-040,19,14,1261.0,1,0,2,0,1.1,0.6,6,34,19,0.07,0.07,0.08,0.05,N/a,N/a,N/a,N/a,37.5,0.43,0.06,22.1,437,89.2,6998,90.5,94.9,76.7,8,50,8,1,34,24,1.72,1,0.07,16,8,8,3,8,3,5,21,621,22,133,335,157,13,24,58.3,37.5,298,576,6,6,3,12,12,406,19,24,17,2,6,49,6,8,42.9
171,Victor Kristiansen,€23.9M,dk DEN,Leicester City,DF,22-132,28,28,2380.0,0,1,1,0,0.3,1.4,39,69,75,0.0,0.04,0.01,0.05,N/a,N/a,N/a,N/a,0.0,0.0,0.00,17.7,1007,77.6,16181,89.6,80.1,41.4,18,74,23,18,69,41,1.55,3,0.11,85,50,87,40,37,14,23,40,1581,113,564,711,319,15,17,47.1,47.1,800,1806,39,25,5,13,12,872,75,17,17,3,96,97,19,42,31.1
172,Jordan Pickford,€23.8M,eng ENG,Everton,GK,31-051,34,34,3060.0,0,1,7,0,0.0,0.4,0,0,0,0.0,0.03,0.0,0.01,1.21,71.5,29.4,100.0,N/a,0.0,N/a,N/a,939,66.2,29916,99.3,98.3,46.5,2,66,8,0,0,12,0.35,2,0.06,1,0,2,1,0,0,0,1,1518,989,1451,68,0,0,0,N/a,N/a,861,3099,0,0,0,2,0,756,0,0,6,0,0,31,4,1,80.0
173,Carlos Soler,€23.3M,es ESP,West Ham,"MF,FW",28-115,28,14,1347.0,1,1,5,0,1.7,1.2,16,52,33,0.07,0.13,0.11,0.08,N/a,N/a,N/a,N/a,29.2,0.47,0.04,19.1,530,85.1,8264,94.4,85.7,53.7,14,41,11,0,52,46,3.08,2,0.13,13,10,22,16,19,6,13,8,738,26,172,384,187,22,18,44.4,50.0,338,714,16,16,4,11,14,502,33,24,17,0,31,63,9,11,45.0
174,James Garner,€23.2M,eng ENG,Everton,"MF,DF",24-045,17,13,1234.0,0,1,3,0,0.3,1.3,10,38,22,0.0,0.07,0.02,0.09,N/a,N/a,N/a,N/a,28.6,0.15,0.00,24.1,434,72.8,7598,83.6,82.3,44.7,11,39,5,2,38,30,2.19,4,0.29,37,23,33,16,14,3,11,16,734,32,187,360,194,9,16,37.5,62.5,336,578,10,13,1,11,7,386,22,16,12,0,50,60,10,8,55.6
175,Emiliano Martínez,€23M,ar ARG,Aston Villa,GK,32-237,33,33,2880.0,0,0,4,0,0.0,0.5,0,3,0,0.0,0.0,0.0,0.02,1.41,65.9,15.2,50.0,N/a,0.0,N/a,N/a,986,79.0,25707,97.8,98.1,49.9,2,21,0,0,3,6,0.19,1,0.03,3,3,2,0,1,0,1,0,1307,990,1292,15,0,0,1,100.0,0.0,794,2586,0,0,0,1,0,718,0,1,5,0,0,28,8,1,88.9
176,Dean Henderson,€22.7M,eng ENG,Crystal Palace,GK,28-046,34,34,3060.0,0,0,3,0,0.0,0.1,0,0,0,0.0,0.0,0.0,0.0,1.38,66.9,29.4,50.0,0.0,0.0,0.00,14.9,672,61.8,18496,99.4,99.4,31.3,2,20,1,0,0,3,0.09,0,0.0,2,1,6,4,0,0,0,0,1173,954,1169,3,1,1,0,N/a,N/a,674,1919,0,0,0,2,0,510,0,0,0,0,0,25,11,1,91.7
177,Neco Williams,€22.6M,wls WAL,Nott'ham Forest,DF,24-014,30,23,2144.0,1,2,5,0,2.2,1.4,54,70,81,0.04,0.13,0.09,0.06,N/a,N/a,N/a,N/a,18.8,0.25,0.03,19.7,647,75.2,9805,89.4,72.1,40.5,14,50,17,7,70,40,1.68,5,0.21,73,44,68,25,37,8,29,24,1231,136,450,437,359,35,39,38.5,43.6,492,1685,54,26,14,23,15,570,81,20,34,1,40,84,34,25,57.6
178,Mateus Fernandes,€22.5M,pt POR,Southampton,MF,20-291,32,30,2584.0,2,3,8,0,3.8,2.6,72,130,99,0.07,0.17,0.13,0.09,N/a,N/a,N/a,N/a,36.8,0.49,0.05,18.6,975,79.7,16484,87.9,85.3,54.9,30,89,21,4,130,68,2.37,6,0.21,81,43,60,31,39,5,34,20,1573,57,335,771,503,45,95,45.3,46.3,813,2922,72,65,8,50,33,975,99,40,52,3,102,162,13,9,59.1
179,Vitaly Janelt,€22.2M,de GER,Brentford,MF,26-352,32,27,2254.0,1,3,3,0,0.8,2.2,17,80,38,0.04,0.16,0.03,0.09,N/a,N/a,N/a,N/a,28.6,0.16,0.07,17.7,872,82.5,14466,90.6,85.4,55.9,14,78,23,7,80,32,1.28,3,0.12,38,22,36,15,33,9,24,27,1289,118,418,574,306,32,12,25.0,58.3,652,1278,17,18,3,16,10,814,38,24,15,1,30,107,19,11,63.3
180,Dara O'Shea,€21.8M,ie IRL,Ipswich Town,DF,26-054,31,31,2762.0,0,2,6,0,1.1,0.5,3,70,7,0.0,0.07,0.04,0.02,N/a,N/a,N/a,N/a,10.5,0.07,0.00,13.7,1083,77.6,21620,86.4,84.8,50.4,3,81,3,1,70,20,0.65,3,0.1,45,28,30,11,59,47,12,31,1797,359,1045,644,113,47,2,50.0,50.0,795,1713,3,2,0,11,4,1018,7,16,22,3,6,98,100,76,56.8
181,John McGinn,€21.6M,sct SCO,Aston Villa,"MF,FW",30-191,30,24,1992.0,1,3,7,0,2.9,3.4,30,90,70,0.05,0.18,0.13,0.15,N/a,N/a,N/a,N/a,19.2,0.23,0.04,16.2,635,82.8,10675,91.6,86.5,59.8,27,60,27,7,90,66,2.98,6,0.27,31,22,26,15,20,2,18,14,965,27,154,514,307,52,43,39.5,27.9,530,1142,30,16,6,33,25,677,70,43,63,3,50,92,15,10,60.0
182,Kristoffer Ajer,€21.5M,no NOR,Brentford,DF,27-010,20,17,1388.0,0,0,4,0,0.8,1.2,27,52,42,0.0,0.0,0.05,0.08,N/a,N/a,N/a,N/a,37.5,0.19,0.00,10.2,482,78.2,7521,86.8,79.7,49.1,8,41,7,4,52,18,1.17,2,0.13,24,16,26,12,17,4,13,12,762,51,255,355,158,35,16,43.8,50.0,373,1164,27,11,2,15,12,475,42,11,6,1,14,41,27,22,55.1
183,Yasin Ayari,€21.5M,se SWE,Brighton,MF,21-203,30,19,1737.0,1,1,3,0,2.2,2.2,31,67,59,0.05,0.1,0.12,0.11,N/a,N/a,N/a,N/a,28.0,0.36,0.04,19.0,708,81.6,10704,91.9,85.2,38.9,28,51,17,4,67,58,3.0,6,0.31,53,30,50,30,22,6,16,19,1101,52,244,556,317,43,41,41.5,36.6,570,1401,31,26,6,32,21,710,59,31,24,3,64,105,13,19,40.6
184,Jean-Ricner Bellegarde,€21.3M,fr FRA,Wolves,"MF,FW",26-304,31,18,1486.0,2,6,3,0,1.3,3.6,47,36,81,0.12,0.48,0.08,0.22,N/a,N/a,N/a,N/a,25.0,0.3,0.10,21.7,404,79.2,6239,89.7,80.9,57.7,26,27,15,7,36,53,3.21,10,0.61,33,19,18,6,18,3,15,10,725,23,126,328,287,41,58,22.4,53.4,445,1375,47,34,10,36,23,499,81,29,39,1,38,55,8,18,30.8
185,Andrew Robertson,€20.6M,sct SCO,Liverpool,DF,31-047,30,26,2218.0,0,0,3,1,0.9,4.1,57,163,90,0.0,0.0,0.04,0.17,N/a,N/a,N/a,N/a,16.7,0.08,0.00,15.0,1405,83.2,23582,94.4,87.0,46.7,38,139,27,15,163,73,2.96,3,0.12,38,22,47,17,9,4,5,20,1877,85,475,856,559,47,18,38.9,55.6,998,2541,57,48,6,24,10,1255,90,10,7,2,131,89,6,12,33.3
186,Kevin De Bruyne,€20.4M,be BEL,Manchester City,"MF,FW",33-303,24,16,1455.0,3,7,2,0,3.4,7.6,47,128,132,0.19,0.62,0.21,0.47,N/a,N/a,N/a,N/a,27.1,0.8,0.06,21.9,756,75.6,12912,85.1,76.7,58.1,51,75,48,10,128,101,6.24,11,0.68,15,8,21,17,8,0,8,7,1153,10,70,391,702,66,30,40.0,46.7,677,1825,47,43,18,24,25,862,132,14,16,5,115,53,4,14,22.2
187,Wilfred Ndidi,€20.4M,ng NGA,Leicester City,MF,28-132,25,25,2057.0,0,4,8,0,1.8,1.8,16,64,73,0.0,0.18,0.08,0.08,N/a,N/a,N/a,N/a,40.0,0.35,0.00,14.5,715,79.3,10120,86.7,80.3,51.6,15,61,10,3,64,26,1.14,3,0.13,77,46,50,26,45,19,26,23,1223,112,407,589,238,58,30,40.0,53.3,575,977,16,21,2,34,33,716,73,38,17,3,30,114,53,51,51.0
188,Marcos Senesi,€20.3M,ar ARG,Bournemouth,DF,27-352,14,12,1008.0,0,0,5,0,0.8,0.2,12,51,5,0.0,0.0,0.07,0.02,N/a,N/a,N/a,N/a,0.0,0.0,0.00,6.0,493,76.7,10211,88.0,85.9,50.0,3,73,12,3,51,16,1.43,1,0.09,35,21,30,16,14,6,8,11,778,64,345,375,67,12,9,55.6,44.4,482,1464,12,14,0,5,5,492,5,19,7,0,10,67,23,27,46.0
189,Trevoh Chalobah,€20.2M,eng ENG,Crystal Palace,DF,25-296,12,12,1060.0,3,0,1,0,1.2,0.4,11,34,6,0.25,0.25,0.1,0.03,N/a,N/a,N/a,N/a,36.4,0.34,0.27,15.1,349,79.0,6831,88.7,85.2,51.2,4,27,2,1,34,11,0.93,0,0.0,20,16,23,11,19,9,10,19,594,66,275,276,51,14,10,60.0,20.0,278,661,11,9,1,4,7,317,6,10,15,1,7,56,22,19,53.7
190,Jake O'Brien,€19.7M,ie IRL,Everton,DF,23-347,17,14,1301.0,2,0,4,0,0.7,0.6,7,41,24,0.14,0.14,0.05,0.04,N/a,N/a,N/a,N/a,60.0,0.21,0.40,11.5,461,77.2,8367,88.5,78.5,63.0,6,37,8,5,41,15,1.04,0,0.0,20,14,22,8,15,4,11,4,745,61,302,313,133,18,10,40.0,50.0,315,648,7,6,2,5,5,386,24,11,4,3,17,50,33,23,58.9
191,Lewis Cook,€19.5M,eng ENG,Bournemouth,"MF,DF",28-083,32,29,2707.0,1,3,8,0,0.9,4.1,33,152,48,0.03,0.13,0.03,0.14,N/a,N/a,N/a,N/a,28.6,0.13,0.07,23.4,1128,76.6,19646,84.7,84.8,45.4,47,149,25,10,152,86,2.86,5,0.17,76,41,65,30,28,10,18,40,1768,80,412,928,447,19,17,58.8,41.2,777,2099,33,28,4,29,16,886,48,46,10,3,125,178,40,34,54.1
192,Ederson,€19.5M,br BRA,Manchester City,GK,31-253,22,22,1960.0,0,4,3,0,0.0,1.5,0,1,0,0.0,0.18,0.0,0.07,1.15,68.5,31.8,0.0,N/a,0.0,N/a,N/a,693,88.1,17056,100.0,98.3,65.7,4,20,1,0,1,6,0.28,4,0.18,0,0,2,2,0,0,0,1,833,587,824,9,0,0,0,N/a,N/a,563,1671,0,0,0,1,0,529,0,1,0,0,0,37,4,1,80.0
193,Jack Clarke,€19.4M,eng ENG,Ipswich Town,"FW,MF",24-155,28,11,1033.0,0,4,2,0,1.0,2.0,30,33,47,0.0,0.35,0.09,0.17,N/a,N/a,N/a,N/a,14.3,0.17,0.00,19.4,259,76.0,4189,87.3,84.8,46.4,23,24,6,0,33,39,3.4,5,0.44,28,17,31,15,6,0,6,7,474,22,114,194,180,32,37,56.8,32.4,264,966,30,18,9,20,16,287,47,14,20,3,13,65,7,14,33.3
194,Ola Aina,€19.3M,ng NGA,Nott'ham Forest,DF,28-201,30,30,2569.0,2,1,2,0,0.6,0.7,54,91,52,0.07,0.11,0.02,0.03,N/a,N/a,N/a,N/a,22.2,0.07,0.22,24.8,839,73.3,12948,88.1,72.8,36.1,11,78,15,7,91,50,1.75,3,0.11,53,40,58,24,32,12,20,30,1462,138,539,610,338,21,64,45.3,37.5,629,2328,54,35,10,39,21,691,52,21,32,2,42,160,12,18,40.0
195,Djed Spence,€19.2M,eng ENG,Tottenham,DF,24-261,20,15,1424.0,1,2,4,1,0.5,1.7,52,94,67,0.06,0.19,0.03,0.11,N/a,N/a,N/a,N/a,33.3,0.19,0.11,22.3,850,86.8,12151,94.0,87.3,57.7,10,72,16,7,94,25,1.58,4,0.25,38,29,25,6,22,9,13,17,1186,63,395,542,268,24,66,51.5,37.9,687,2244,52,39,7,24,24,755,67,18,23,2,22,84,17,12,58.6
196,Mads Hermansen,€19.2M,dk DEN,Leicester City,GK,24-290,27,27,2385.0,0,0,1,0,0.0,0.0,0,1,0,0.0,0.0,0.0,0.0,2.19,64.5,3.7,25.0,N/a,0.0,N/a,N/a,655,61.0,17161,97.4,94.8,33.0,0,20,1,0,1,3,0.11,0,0.0,1,1,1,0,1,0,1,0,1148,832,1107,43,0,0,1,100.0,0.0,731,1903,0,0,0,1,0,623,0,0,3,0,0,17,4,1,80.0
197,Konstantinos Mavropanos,€19.1M,gr GRE,West Ham,DF,27-137,30,20,1944.0,0,0,6,1,1.5,0.5,16,59,2,0.0,0.0,0.07,0.02,N/a,N/a,N/a,N/a,27.8,0.23,0.00,14.7,1011,85.9,20025,91.4,92.2,59.2,5,60,4,1,59,16,0.74,0,0.0,32,22,25,11,23,17,6,38,1429,222,744,631,62,24,17,52.9,29.4,783,2128,16,10,1,12,0,935,2,17,14,3,2,67,56,24,70.0
198,Andreas Pereira,€18.9M,br BRA,Fulham,MF,29-116,31,23,1879.0,2,4,7,0,3.5,4.5,27,99,78,0.1,0.29,0.17,0.21,N/a,N/a,N/a,N/a,22.9,0.38,0.06,22.1,641,68.9,11658,83.6,78.3,41.0,56,64,19,4,99,101,4.84,8,0.38,22,12,40,30,16,2,14,8,1096,17,156,446,511,39,29,44.8,27.6,556,1266,27,35,8,26,21,648,78,27,23,1,168,97,12,22,35.3
199,Nicolás Domínguez,€18.8M,ar ARG,Nott'ham Forest,"MF,FW",26-303,29,19,1624.0,0,1,8,0,1.4,1.3,12,63,24,0.0,0.06,0.08,0.07,N/a,N/a,N/a,N/a,38.9,0.39,0.00,19.0,686,87.1,9888,91.5,89.8,60.0,13,68,8,0,63,29,1.61,0,0.0,75,40,63,34,34,11,23,26,1020,68,260,533,236,24,8,37.5,37.5,378,750,12,10,2,18,9,554,24,29,15,1,2,99,20,19,51.3
200,Aaron Ramsdale,€18.7M,eng ENG,Southampton,GK,26-348,26,26,2340.0,0,0,2,0,0.0,0.0,0,0,0,0.0,0.0,0.0,0.0,2.31,67.5,7.7,28.6,N/a,0.0,N/a,N/a,691,64.5,19426,99.5,96.0,38.8,0,32,1,0,0,3,0.12,0,0.0,0,0,2,2,0,0,0,2,1154,835,1133,24,0,0,0,N/a,N/a,702,2089,0,0,0,2,0,629,0,1,4,0,0,19,5,0,100.0
201,Toti Gomes,€18.6M,pt POR,Wolves,DF,26-101,27,26,2254.0,0,1,6,0,0.7,0.9,21,67,13,0.0,0.04,0.03,0.04,N/a,N/a,N/a,N/a,28.6,0.08,0.00,11.6,1228,85.2,20581,91.6,92.1,50.0,8,71,5,3,67,20,0.8,1,0.04,51,37,35,7,27,17,10,22,1711,198,811,827,92,15,26,65.4,26.9,990,2583,21,18,0,16,13,1160,13,22,14,4,12,95,47,24,66.2
202,Cameron Archer,€18.6M,eng ENG,Southampton,FW,23-280,31,13,1361.0,2,0,0,0,5.1,0.4,19,14,62,0.13,0.13,0.34,0.02,N/a,N/a,N/a,N/a,33.3,0.6,0.07,13.1,190,81.2,2503,85.6,91.5,55.6,3,6,7,0,14,17,1.13,0,0.0,11,7,9,7,5,1,4,2,361,16,59,162,143,49,31,45.2,51.6,207,499,19,9,14,33,24,252,62,16,12,7,3,34,8,27,22.9
203,Kamaldeen Sulemana,€18.5M,gh GHA,Southampton,"FW,MF",23-071,22,13,1122.0,1,1,1,0,1.3,0.7,56,25,72,0.08,0.16,0.11,0.06,N/a,N/a,N/a,N/a,32.0,0.64,0.04,18.5,235,79.1,3417,89.7,81.6,42.3,9,6,11,6,25,27,2.17,3,0.24,16,14,13,5,9,0,9,6,483,13,64,178,259,48,90,36.7,55.6,313,1369,56,34,23,37,22,338,72,18,10,2,24,51,8,20,28.6
204,Mohamed Salah,€18.3M,eg EGY,Liverpool,FW,32-316,33,33,2921.0,27,18,1,0,23.7,12.1,138,127,407,0.83,1.39,0.73,0.37,N/a,N/a,N/a,N/a,43.0,1.42,0.17,14.7,785,71.3,11755,83.8,69.6,61.6,75,49,80,13,127,144,4.44,24,0.74,20,11,14,7,11,0,11,7,1481,10,87,446,967,310,120,45.0,52.5,1012,3209,138,54,110,102,60,1236,407,22,33,15,64,90,9,12,42.9
205,Yehor Yarmoliuk,€18M,ua UKR,Brentford,MF,21-057,26,10,1039.0,0,0,4,0,0.6,0.3,12,45,42,0.0,0.0,0.05,0.02,N/a,N/a,N/a,N/a,22.2,0.17,0.00,15.9,471,86.1,8216,87.3,88.8,84.7,6,56,6,3,45,18,1.56,2,0.17,34,22,43,22,23,6,17,9,703,45,195,359,164,14,20,45.0,45.0,365,605,12,14,2,23,16,434,42,11,8,2,13,83,7,5,58.3
206,Emmanuel Agbadou,€18M,ci CIV,Wolves,DF,27-314,12,12,1050.0,0,0,2,0,0.3,0.2,3,21,1,0.0,0.0,0.02,0.02,N/a,N/a,N/a,N/a,16.7,0.09,0.00,32.6,591,84.3,12101,91.6,92.2,59.7,4,22,1,0,21,15,1.29,2,0.17,25,17,17,6,15,11,4,9,837,138,470,352,21,4,10,70.0,20.0,499,1057,3,3,0,3,3,543,1,5,4,1,1,62,21,15,58.3
207,Jacob Murphy,€17.9M,eng ENG,Newcastle Utd,FW,30-062,31,27,2084.0,8,11,3,0,5.6,8.1,69,63,210,0.35,0.82,0.24,0.35,N/a,N/a,N/a,N/a,36.6,0.65,0.20,18.1,593,68.2,8971,84.1,66.9,42.9,38,46,35,15,63,73,3.16,14,0.61,22,15,30,14,31,0,31,11,1111,20,158,408,556,82,61,49.2,47.5,650,2055,69,31,24,30,33,802,210,11,14,3,108,88,4,15,21.1
208,Issa Diop,€17.9M,fr FRA,Fulham,DF,28-108,21,15,1339.0,0,0,2,0,0.5,0.1,6,25,3,0.0,0.0,0.04,0.01,N/a,N/a,N/a,N/a,40.0,0.13,0.00,10.7,663,87.5,12350,92.5,92.9,52.9,3,43,1,0,25,6,0.4,0,0.0,26,12,18,5,10,7,3,9,903,125,498,381,26,13,2,50.0,50.0,533,1216,6,2,0,9,2,617,3,10,4,0,1,45,20,12,62.5
209,Jack Harrison,€17.9M,eng ENG,Everton,FW,28-158,30,22,1887.0,1,0,0,0,3.3,3.7,62,45,116,0.05,0.05,0.16,0.18,N/a,N/a,N/a,N/a,22.2,0.29,0.04,16.3,374,63.2,5976,81.4,68.6,34.0,32,26,24,10,45,53,2.53,4,0.19,30,21,40,26,18,2,16,9,862,31,144,304,421,62,71,31.0,57.7,473,1439,62,32,14,50,37,556,116,13,26,4,115,65,4,26,13.3
210,Dominic Calvert-Lewin,€17.8M,eng ENG,Everton,FW,28-042,22,19,1574.0,3,1,2,0,6.1,0.6,22,19,105,0.17,0.23,0.35,0.04,N/a,N/a,N/a,N/a,37.0,0.97,0.07,12.3,174,62.6,2035,70.0,58.3,37.5,7,19,5,1,19,25,1.43,4,0.23,9,7,6,4,6,2,4,6,491,21,38,204,254,82,25,40.0,52.0,268,444,22,8,16,71,32,402,105,27,22,27,6,32,83,79,51.2
211,Ryan Yates,€17.5M,eng ENG,Nott'ham Forest,MF,27-157,30,17,1775.0,2,1,9,0,2.3,1.1,17,45,12,0.1,0.15,0.11,0.06,N/a,N/a,N/a,N/a,29.0,0.46,0.06,18.9,559,82.1,8140,88.8,85.8,55.3,17,44,4,0,45,35,1.77,3,0.15,40,21,36,19,34,8,26,25,948,74,253,463,242,38,18,50.0,27.8,380,850,17,18,1,23,18,490,12,49,46,6,3,89,43,30,58.9
212,Kalvin Phillips,€17.3M,eng ENG,Ipswich Town,MF,29-146,18,14,1214.0,0,0,6,1,0.4,0.2,4,49,4,0.0,0.0,0.03,0.02,N/a,N/a,N/a,N/a,20.0,0.15,0.00,24.2,426,79.3,8392,82.9,86.6,62.1,5,48,6,1,49,17,1.26,3,0.22,34,19,38,23,35,6,29,19,722,60,220,388,118,4,12,41.7,50.0,302,541,4,5,0,24,10,383,4,28,19,0,18,68,7,21,25.0
213,Oliver Skipp,€17.1M,eng ENG,Leicester City,MF,24-223,20,7,907.0,0,0,7,0,0.1,0.3,15,29,18,0.0,0.0,0.01,0.03,N/a,N/a,N/a,N/a,25.0,0.1,0.00,21.8,348,84.5,5290,88.2,93.0,63.3,9,28,4,0,29,14,1.39,0,0.0,17,4,14,6,15,3,12,9,499,23,109,314,80,7,11,54.5,45.5,290,564,15,7,3,11,5,346,18,17,13,0,4,37,10,5,66.7
214,Timothy Castagne,€16.8M,be BEL,Fulham,DF,29-143,23,17,1625.0,0,1,1,0,0.4,1.2,17,61,67,0.0,0.06,0.02,0.07,N/a,N/a,N/a,N/a,37.5,0.17,0.00,14.0,768,81.8,12239,89.9,85.8,49.3,9,51,5,3,61,25,1.38,3,0.17,46,29,45,19,15,6,9,22,1149,91,444,458,253,32,12,41.7,41.7,542,1043,17,15,2,15,5,657,67,15,6,1,37,55,34,35,49.3
215,Kyle Walker-Peters,€16.6M,eng ENG,Southampton,DF,28-014,32,32,2828.0,0,2,5,0,0.8,2.7,110,134,139,0.0,0.06,0.02,0.09,N/a,N/a,N/a,N/a,30.0,0.19,0.00,18.3,1451,88.0,21836,93.8,89.7,60.4,23,117,29,4,134,61,1.94,7,0.22,43,28,34,18,25,14,11,18,1972,149,603,856,529,58,88,40.9,44.3,1225,4221,110,68,23,33,37,1390,139,28,49,2,51,130,11,21,34.4
216,Caleb Okoli,€16.6M,it ITA,Leicester City,DF,23-288,18,12,1124.0,1,0,4,0,0.6,0.0,3,32,2,0.08,0.08,0.05,0.0,N/a,N/a,N/a,N/a,50.0,0.16,0.25,13.5,558,86.4,9738,91.3,91.0,55.4,0,21,1,0,32,4,0.32,0,0.0,25,14,18,7,24,14,10,15,804,152,450,324,35,10,0,N/a,N/a,467,1106,3,6,0,10,2,483,2,16,9,0,1,44,23,21,52.3
217,Virgil van Dijk,€16.6M,nl NED,Liverpool,DF,33-293,33,33,2970.0,2,1,3,0,1.9,0.7,18,172,6,0.06,0.09,0.06,0.02,N/a,N/a,N/a,N/a,30.4,0.21,0.09,12.7,2371,91.5,43424,95.9,95.4,68.0,11,258,5,0,172,44,1.33,4,0.12,34,16,20,9,22,12,10,52,2915,383,1152,1624,147,44,5,60.0,40.0,1640,4329,18,20,3,8,5,1996,6,15,12,0,1,104,109,44,71.2
218,James Justin,€16.4M,eng ENG,Leicester City,DF,27-063,32,30,2579.0,2,1,5,0,1.5,0.6,37,86,92,0.07,0.1,0.05,0.02,N/a,N/a,N/a,N/a,25.0,0.21,0.08,16.0,1051,77.6,16206,86.4,84.1,34.7,13,71,21,7,86,31,1.08,1,0.03,48,29,49,22,39,13,26,42,1713,131,594,767,362,37,29,31.0,44.8,770,1577,37,25,4,31,13,951,92,21,34,2,53,75,58,46,55.8
219,Ryan Christie,€16.2M,sct SCO,Bournemouth,MF,30-064,29,27,2117.0,2,3,9,0,1.8,3.5,34,137,44,0.09,0.21,0.08,0.15,N/a,N/a,N/a,N/a,36.4,0.51,0.06,19.6,837,79.3,14882,88.2,87.9,48.8,41,118,33,5,137,85,3.62,9,0.38,54,33,64,37,44,11,33,30,1376,74,256,773,372,46,48,47.9,45.8,726,1773,34,40,8,44,25,777,44,43,31,1,48,182,20,28,41.7
220,Bernd Leno,€16M,de GER,Fulham,GK,33-054,34,34,3060.0,0,1,4,0,0.0,0.1,0,0,0,0.0,0.03,0.0,0.0,1.35,68.3,14.7,0.0,N/a,0.0,N/a,N/a,1030,81.2,25098,99.5,98.9,46.9,2,15,2,0,0,5,0.15,2,0.06,2,2,2,0,1,0,1,0,1328,1066,1318,10,0,0,0,N/a,N/a,879,1987,0,0,0,0,0,781,0,0,3,0,0,47,9,0,100.0
221,Yukinari Sugawara,€15.8M,jp JPN,Southampton,"DF,MF",24-303,29,15,1467.0,1,1,4,0,0.5,2.2,32,68,76,0.06,0.12,0.03,0.14,N/a,N/a,N/a,N/a,38.5,0.31,0.08,19.2,689,79.9,10831,88.2,82.9,47.9,17,43,21,9,68,39,2.39,1,0.06,29,16,30,12,17,7,10,10,1023,61,306,395,327,29,20,45.0,50.0,553,1354,32,15,7,18,4,692,76,15,9,4,69,40,5,9,35.7
222,Chris Richards,€15.7M,us USA,Crystal Palace,DF,25-030,20,18,1562.0,1,0,4,1,1.2,0.1,5,34,1,0.06,0.06,0.07,0.01,N/a,N/a,N/a,N/a,50.0,0.29,0.10,11.8,583,81.1,10347,89.2,90.3,44.2,2,20,0,0,34,7,0.4,2,0.12,42,27,38,15,35,13,22,10,935,111,513,371,56,15,6,16.7,83.3,433,850,5,5,0,5,5,525,1,11,4,1,1,48,33,35,48.5
223,James Tarkowski,€15.5M,eng ENG,Everton,DF,32-159,33,33,2922.0,1,1,6,0,1.3,2.9,9,75,3,0.03,0.06,0.04,0.09,N/a,N/a,N/a,N/a,26.7,0.12,0.07,8.4,1045,81.0,22119,84.5,91.9,62.7,16,83,11,0,75,38,1.17,4,0.12,64,40,39,15,57,42,15,41,1706,355,974,635,106,57,7,71.4,28.6,727,1943,9,10,0,13,7,927,3,35,28,2,1,98,102,33,75.6
224,Jens Cajuste,€15.4M,se SWE,Ipswich Town,MF,25-260,26,23,1774.0,1,0,2,0,0.5,0.6,23,46,16,0.05,0.05,0.02,0.03,N/a,N/a,N/a,N/a,10.0,0.05,0.10,21.3,572,82.4,9440,88.8,85.7,50.0,11,45,5,1,46,30,1.52,1,0.05,39,19,47,28,24,9,15,25,904,59,261,475,182,11,45,53.3,33.3,420,1175,23,21,3,21,14,521,16,21,21,0,9,98,12,20,37.5
225,Boubakary Soumaré,€15.3M,fr FRA,Leicester City,MF,26-059,27,23,1953.0,0,0,8,0,0.3,0.4,31,94,21,0.0,0.0,0.01,0.02,N/a,N/a,N/a,N/a,0.0,0.0,0.00,23.4,982,86.7,14896,92.1,87.4,70.4,11,90,13,2,94,34,1.57,3,0.14,33,18,30,12,19,7,12,24,1318,62,348,833,150,17,44,61.4,29.5,786,1883,31,16,3,20,21,925,21,21,21,0,8,130,19,9,67.9
226,Daichi Kamada,€15.1M,jp JPN,Crystal Palace,MF,28-265,30,13,1338.0,0,0,3,1,1.0,1.8,23,73,52,0.0,0.0,0.07,0.12,N/a,N/a,N/a,N/a,23.5,0.27,0.00,19.4,511,79.5,8122,87.9,82.0,55.1,19,39,13,2,73,46,3.09,3,0.2,43,25,37,25,19,4,15,16,804,18,172,420,217,28,13,30.8,53.8,403,949,23,17,4,13,18,518,52,25,17,2,27,67,3,12,20.0
227,Lucas Digne,€14.8M,fr FRA,Aston Villa,DF,31-281,30,27,2241.0,0,4,4,0,0.8,4.4,23,54,140,0.0,0.16,0.03,0.17,N/a,N/a,N/a,N/a,23.1,0.12,0.00,22.7,924,75.0,14998,88.2,78.6,39.7,35,43,29,18,54,63,2.53,5,0.2,62,36,62,20,23,4,19,25,1473,90,510,449,524,28,19,47.4,47.4,669,1319,23,14,4,17,15,804,140,20,14,7,138,98,34,26,56.7
228,Thomas Partey,€14.7M,gh GHA,Arsenal,"MF,DF",31-318,31,27,2437.0,4,2,4,0,2.0,1.9,31,165,45,0.15,0.22,0.07,0.07,N/a,N/a,N/a,N/a,30.4,0.26,0.17,19.5,1486,87.7,23752,93.0,89.0,67.2,17,146,33,2,165,56,2.07,13,0.48,79,48,68,25,23,7,16,32,1928,64,401,1061,477,27,30,66.7,26.7,1087,3091,31,36,3,20,14,1373,45,39,27,1,12,120,26,21,55.3
229,Harry Wilson,€14.5M,wls WAL,Fulham,"FW,MF",28-036,21,9,937.0,5,1,2,0,3.3,1.1,16,46,79,0.48,0.58,0.31,0.1,N/a,N/a,N/a,N/a,31.0,0.86,0.17,17.7,279,73.6,4685,84.6,78.4,44.1,19,23,13,1,46,36,3.46,3,0.29,13,8,15,6,13,1,12,5,485,7,62,175,257,45,24,37.5,41.7,288,669,16,19,8,13,5,326,79,10,18,1,35,44,4,18,18.2
230,Sammie Szmodics,€14.1M,ie IRL,Ipswich Town,"FW,MF",29-215,19,13,979.0,4,0,2,0,3.4,0.2,16,18,46,0.37,0.37,0.31,0.02,N/a,N/a,N/a,N/a,57.1,1.1,0.19,14.0,144,74.2,2402,87.0,84.4,51.7,4,10,4,1,18,9,0.83,0,0.0,15,9,23,17,10,2,8,6,309,17,80,119,116,33,12,33.3,50.0,174,399,16,8,7,24,17,189,46,9,8,8,13,41,6,11,35.3
231,Mark Flekken,€13.9M,nl NED,Brentford,GK,31-318,32,32,2825.0,0,1,1,0,0.0,0.2,0,0,0,0.0,0.03,0.0,0.01,1.53,73.3,15.6,0.0,N/a,0.0,N/a,N/a,1113,73.3,32882,97.8,97.4,50.1,2,44,2,0,0,7,0.22,1,0.03,4,4,9,6,2,0,2,0,1616,1261,1569,52,0,0,1,100.0,0.0,987,2803,0,0,0,3,0,905,0,0,3,0,0,35,4,0,100.0
232,Harry Maguire,€13.8M,eng ENG,Manchester Utd,DF,32-053,22,16,1418.0,1,0,7,0,1.4,0.3,6,42,5,0.06,0.06,0.09,0.02,N/a,N/a,N/a,N/a,36.4,0.25,0.09,8.1,788,86.3,14677,91.6,91.1,57.8,6,39,3,0,42,15,0.95,0,0.0,26,13,17,4,14,12,2,36,1085,133,541,497,60,35,5,40.0,60.0,640,1629,6,6,3,6,2,702,5,16,6,1,2,53,51,21,70.8
233,Guido Rodríguez,€13.6M,ar ARG,West Ham,MF,31-015,20,14,1018.0,0,0,5,0,0.2,0.1,2,31,5,0.0,0.0,0.02,0.01,N/a,N/a,N/a,N/a,12.5,0.09,0.00,27.8,419,84.1,7149,87.4,91.4,62.7,3,36,1,0,31,10,0.88,0,0.0,30,16,30,16,21,9,12,12,617,42,196,366,56,2,3,66.7,0.0,284,392,2,5,0,2,6,354,5,15,11,1,4,46,8,7,53.3
234,Kenny Tete,€13.4M,nl NED,Fulham,DF,29-200,18,17,1438.0,0,2,3,0,1.2,0.9,33,46,45,0.0,0.13,0.08,0.05,N/a,N/a,N/a,N/a,9.1,0.13,0.00,16.0,644,81.2,10245,91.7,79.9,60.2,7,56,7,5,46,30,1.88,3,0.19,49,34,32,12,20,6,14,28,995,57,319,406,278,32,18,44.4,27.8,517,1208,33,20,7,16,11,573,45,25,14,0,26,61,18,12,60.0
235,Stephy Mavididi,€13.2M,eng ENG,Leicester City,FW,26-331,30,16,1615.0,4,1,2,0,1.8,2.6,91,57,138,0.22,0.28,0.1,0.15,N/a,N/a,N/a,N/a,26.9,0.39,0.15,16.1,460,75.0,6191,91.1,67.4,41.9,22,32,26,7,57,50,2.78,7,0.39,34,19,42,28,26,2,24,11,863,23,132,327,421,61,95,36.8,49.5,583,2355,91,40,27,39,35,623,138,18,18,3,69,83,9,15,37.5
236,Jan Bednarek,€13M,pl POL,Southampton,DF,29-015,28,28,2351.0,2,0,7,0,0.7,0.5,4,58,2,0.08,0.08,0.02,0.02,N/a,N/a,N/a,N/a,40.0,0.08,0.40,16.0,1494,92.5,26413,95.3,94.5,75.9,5,71,1,0,58,16,0.61,0,0.0,35,18,30,15,43,32,11,53,1952,358,1027,892,40,15,3,100.0,0.0,995,1644,4,5,1,9,3,1248,2,31,12,0,1,102,69,36,65.7
237,Jefferson Lerma,€12.8M,co COL,Crystal Palace,"MF,DF",30-184,29,23,2030.0,0,1,8,0,1.0,1.5,11,86,24,0.0,0.04,0.04,0.06,N/a,N/a,N/a,N/a,29.2,0.31,0.00,19.4,775,75.5,13637,86.8,81.3,46.7,9,83,17,2,86,42,1.86,3,0.13,30,15,33,16,32,15,17,36,1269,95,403,653,223,26,12,50.0,33.3,596,1004,11,10,0,14,15,745,24,34,35,0,11,139,39,38,50.6
238,Emerson Palmieri,€12.7M,it ITA,West Ham,DF,30-267,29,25,2015.0,2,1,5,0,2.0,1.5,43,65,82,0.09,0.13,0.09,0.07,N/a,N/a,N/a,N/a,43.8,0.31,0.13,19.0,826,79.9,12092,89.9,81.0,42.4,16,49,13,5,65,41,1.83,2,0.09,57,29,44,19,32,8,24,19,1275,82,410,534,346,28,30,33.3,56.7,526,1622,43,22,8,24,7,713,82,24,13,0,63,84,16,18,47.1
239,Paul Onuachu,€12.7M,ng NGA,Southampton,FW,30-334,23,11,984.0,4,1,4,0,3.3,0.5,7,12,39,0.37,0.46,0.3,0.04,N/a,N/a,N/a,N/a,43.8,1.28,0.13,10.4,151,61.4,2135,63.8,61.3,63.2,8,13,2,0,12,9,0.82,1,0.09,7,2,7,4,6,1,5,1,410,15,41,220,152,60,25,28.0,56.0,198,237,7,5,2,46,33,336,39,26,15,9,0,17,88,54,62.0
240,Ben Johnson,€12.6M,eng ENG,Ipswich Town,"DF,FW",25-093,22,14,1348.0,1,2,5,1,1.1,1.3,16,26,34,0.07,0.2,0.07,0.09,N/a,N/a,N/a,N/a,42.9,0.2,0.14,12.6,296,71.5,4812,86.2,74.8,49.0,12,21,3,2,26,23,1.54,5,0.33,38,22,41,21,22,5,17,13,622,60,245,218,162,12,24,33.3,58.3,259,593,16,12,3,22,17,290,34,27,6,1,37,57,19,18,51.4
241,Saša Lukić,€12.1M,rs SRB,Fulham,MF,28-257,27,25,2079.0,0,2,12,0,1.0,2.6,37,87,29,0.0,0.09,0.04,0.11,N/a,N/a,N/a,N/a,13.3,0.09,0.00,20.9,992,87.9,16703,92.2,92.3,70.1,23,93,14,5,87,50,2.17,3,0.13,62,36,49,30,17,7,10,25,1341,49,291,766,297,15,17,47.1,29.4,749,2015,37,37,4,20,7,860,29,58,25,0,53,103,18,23,43.9
242,Alphonse Aréola,€11.6M,fr FRA,West Ham,GK,32-059,23,22,1990.0,0,0,0,0,0.0,0.0,0,0,0,0.0,0.0,0.0,0.0,1.72,63.1,18.2,N/a,N/a,0.0,N/a,N/a,616,70.5,16485,99.2,95.3,43.5,0,9,0,0,0,3,0.14,0,0.0,2,2,3,1,0,0,0,0,928,742,919,10,0,0,0,N/a,N/a,522,1172,0,0,0,0,0,480,0,0,0,0,0,27,2,0,100.0
243,Casemiro,€11.6M,br BRA,Manchester Utd,MF,33-063,21,15,1271.0,1,0,3,0,1.5,2.2,4,65,26,0.07,0.07,0.1,0.16,N/a,N/a,N/a,N/a,29.6,0.57,0.04,19.3,637,78.7,10614,86.3,83.9,60.9,19,64,19,6,65,48,3.4,3,0.21,74,43,64,25,33,10,23,12,1039,67,309,523,215,37,6,50.0,50.0,546,775,4,10,0,10,10,663,26,15,18,3,19,82,28,17,62.2
244,Nick Pope,€11.5M,eng ENG,Newcastle Utd,GK,33-008,24,24,2160.0,0,0,2,0,0.0,0.0,0,1,0,0.0,0.0,0.0,0.0,1.33,70.5,29.2,50.0,N/a,0.0,N/a,N/a,486,72.5,12557,99.0,98.4,42.6,1,2,0,0,1,5,0.21,0,0.0,0,0,0,0,1,0,1,1,749,597,739,10,0,0,0,N/a,N/a,388,1472,0,0,0,0,1,263,0,2,5,0,0,19,11,1,91.7
245,Harry Winks,€11.5M,eng ENG,Leicester City,MF,29-084,22,17,1538.0,0,2,4,0,0.2,1.2,19,101,11,0.0,0.12,0.01,0.07,N/a,N/a,N/a,N/a,40.0,0.23,0.00,29.2,910,87.1,14101,92.2,91.2,57.9,17,110,7,5,101,39,2.28,3,0.18,24,11,30,17,19,7,12,9,1158,49,275,746,151,1,12,25.0,66.7,696,1522,19,13,0,13,8,827,11,9,13,0,34,106,8,6,57.1
246,Kepa Arrizabalaga,€11.4M,es ESP,Bournemouth,GK,30-206,26,26,2340.0,0,0,3,0,0.1,0.0,0,2,0,0.0,0.0,0.0,0.0,1.27,75.0,26.9,0.0,0.0,0.0,0.00,9.7,618,71.8,17014,98.0,98.1,47.0,1,8,0,0,2,4,0.15,0,0.0,1,0,1,1,1,0,1,0,912,670,886,25,1,1,1,100.0,0.0,521,1477,0,0,0,0,0,406,0,2,5,0,0,46,6,1,85.7
247,Santiago Bueno,€11.3M,uy URU,Wolves,DF,26-169,27,18,1678.0,0,0,2,0,0.4,0.0,1,28,1,0.0,0.0,0.02,0.0,N/a,N/a,N/a,N/a,50.0,0.16,0.00,14.0,730,88.2,13408,92.4,94.0,56.7,0,24,2,0,28,12,0.64,4,0.21,40,21,22,5,35,20,15,15,1008,168,510,480,21,6,4,0.0,100.0,547,1429,1,2,0,2,2,650,1,26,5,0,0,43,34,31,52.3
248,Álex Moreno,€11.2M,es ESP,Nott'ham Forest,"DF,MF",31-323,15,11,955.0,0,1,2,0,0.2,1.3,26,34,34,0.0,0.09,0.02,0.12,N/a,N/a,N/a,N/a,0.0,0.0,0.00,23.7,308,72.0,4574,87.6,64.2,35.0,8,25,9,2,34,16,1.51,2,0.19,25,18,39,24,11,5,6,15,559,60,210,202,158,8,21,38.1,38.1,229,864,26,16,4,13,6,258,34,12,6,0,19,50,3,11,21.4
249,İlkay Gündoğan,€11M,de GER,Manchester City,MF,34-185,30,22,1967.0,0,5,1,0,2.7,2.7,55,113,81,0.0,0.23,0.13,0.12,N/a,N/a,N/a,N/a,20.0,0.23,0.00,18.3,1374,89.3,21191,94.2,92.1,62.3,36,93,21,2,113,72,3.29,10,0.46,24,13,23,13,14,0,14,13,1707,43,254,825,648,56,35,45.7,37.1,1016,2735,55,52,9,25,23,1330,81,14,21,0,57,104,13,11,54.2
250,Christian Nørgaard,€10.8M,dk DEN,Brentford,MF,31-048,29,29,2369.0,5,2,5,1,3.6,0.8,12,122,34,0.19,0.27,0.14,0.03,N/a,N/a,N/a,N/a,33.3,0.42,0.15,14.9,985,81.7,16249,87.1,86.1,58.5,15,119,22,3,122,47,1.79,9,0.34,72,44,67,25,47,18,29,42,1526,153,530,723,288,50,12,50.0,33.3,703,1147,12,12,4,28,18,916,34,37,26,1,13,173,40,29,58.0
251,Arijanet Murić,€10.4M,xk KVX,Ipswich Town,GK,26-171,18,18,1620.0,0,0,1,0,0.0,0.0,0,1,0,0.0,0.0,0.0,0.0,1.83,70.0,5.6,0.0,N/a,0.0,N/a,N/a,454,71.7,11705,100.0,97.3,40.6,0,14,0,0,1,1,0.06,0,0.0,0,0,2,2,0,0,0,0,689,559,672,18,0,0,0,N/a,N/a,405,1178,0,0,0,3,1,321,0,0,4,0,0,26,11,1,91.7
252,Matz Sels,€10.2M,be BEL,Nott'ham Forest,GK,33-060,33,33,2970.0,0,0,3,0,0.0,0.0,0,1,0,0.0,0.0,0.0,0.0,1.18,74.7,39.4,0.0,N/a,0.0,N/a,N/a,441,50.1,16937,100.0,97.7,36.5,1,38,2,0,1,5,0.15,0,0.0,1,1,1,0,0,0,0,0,969,741,955,14,0,0,0,N/a,N/a,469,1436,0,0,0,0,0,375,0,0,10,0,0,9,14,2,87.5
253,Jack Hinshelwood,€9.2M,eng ENG,Brighton,"DF,MF",20-016,22,20,1676.0,2,2,5,0,1.5,1.3,16,59,46,0.11,0.21,0.08,0.07,N/a,N/a,N/a,N/a,42.9,0.32,0.14,14.4,799,83.4,12211,91.3,84.3,54.5,15,34,9,2,59,33,1.77,3,0.16,26,18,26,15,8,3,5,14,1099,49,306,507,291,26,9,11.1,77.8,527,1053,16,18,1,16,2,684,46,15,6,0,26,55,19,14,57.6
254,José Sá,€8.6M,pt POR,Wolves,GK,32-100,26,26,2340.0,0,0,2,0,0.0,0.1,0,2,0,0.0,0.0,0.0,0.01,1.69,62.3,26.9,33.3,N/a,0.0,N/a,N/a,513,63.3,13505,99.0,97.3,30.6,2,17,1,0,2,4,0.15,0,0.0,2,2,2,0,0,0,0,0,868,688,860,9,0,0,6,100.0,0.0,536,2059,0,0,0,1,0,425,0,4,8,0,0,29,8,0,100.0
255,Flynn Downes,€8.5M,eng ENG,Southampton,MF,26-097,23,21,1791.0,1,0,10,0,0.6,1.0,24,59,28,0.05,0.05,0.03,0.05,N/a,N/a,N/a,N/a,30.0,0.15,0.10,18.7,851,89.8,12498,92.6,91.8,67.4,15,52,11,0,59,30,1.51,2,0.1,43,23,31,18,22,6,16,30,1136,76,343,605,197,20,14,35.7,50.0,540,1551,24,21,4,12,17,805,28,45,33,0,3,73,13,13,50.0
256,Dan Burn,€8.4M,eng ENG,Newcastle Utd,DF,32-353,33,33,2970.0,1,0,10,0,1.8,0.9,9,57,10,0.03,0.03,0.05,0.03,N/a,N/a,N/a,N/a,25.0,0.15,0.05,10.0,1576,89.3,28609,91.0,94.8,61.8,8,35,7,0,57,21,0.64,3,0.09,33,19,32,15,32,23,9,26,2102,333,1181,823,103,46,4,75.0,25.0,1203,2360,9,5,1,21,3,1417,10,28,11,5,2,91,127,62,67.2
257,Rodrigo Muniz,€8.4M,br BRA,Fulham,FW,23-358,31,8,964.0,8,1,1,0,5.8,0.7,6,27,31,0.75,0.84,0.54,0.07,N/a,N/a,N/a,N/a,48.7,1.77,0.21,12.0,92,64.8,1540,67.6,68.9,84.6,7,13,3,0,27,17,1.59,2,0.19,10,5,4,0,9,2,7,5,311,14,27,161,127,55,18,33.3,50.0,157,187,6,4,3,47,24,237,31,11,31,3,1,14,67,63,51.5
258,Nélson Semedo,€8.3M,pt POR,Wolves,DF,31-162,30,29,2576.0,0,4,7,0,0.8,2.7,61,68,107,0.0,0.14,0.03,0.1,N/a,N/a,N/a,N/a,40.0,0.21,0.00,24.2,961,80.1,14664,90.9,82.8,47.0,21,62,25,11,68,51,1.78,6,0.21,55,31,49,21,27,10,17,22,1520,113,433,694,411,23,62,45.2,41.9,780,2306,61,36,9,37,19,872,107,43,27,3,57,116,27,40,40.3
259,Adama Traoré,€8.2M,es ESP,Fulham,"FW,MF",29-092,32,16,1568.0,2,6,2,0,3.8,4.6,85,61,143,0.11,0.46,0.22,0.26,N/a,N/a,N/a,N/a,30.6,0.63,0.06,14.4,383,71.9,5972,80.9,73.4,55.3,37,32,32,17,61,73,4.19,9,0.52,17,12,13,8,6,0,6,1,725,4,74,257,414,86,87,50.6,36.8,482,2196,85,41,33,31,20,549,143,20,29,1,90,77,24,25,49.0
260,Joe Aribo,€8M,ng NGA,Southampton,"MF,DF",28-280,30,20,1909.0,3,0,1,0,2.7,1.6,35,71,64,0.14,0.14,0.13,0.07,N/a,N/a,N/a,N/a,41.2,0.33,0.18,14.0,878,88.5,13041,91.3,90.9,68.9,16,50,4,1,71,37,1.75,1,0.05,44,30,34,17,24,9,15,20,1203,46,288,632,294,44,46,39.1,47.8,708,1923,35,28,12,25,16,879,64,20,28,1,10,110,25,21,54.3
261,Chris Wood,€7.9M,nz NZL,Nott'ham Forest,FW,33-141,31,30,2509.0,19,3,1,0,11.1,2.3,13,34,74,0.68,0.79,0.4,0.08,N/a,N/a,N/a,N/a,58.8,1.08,0.31,14.5,270,66.2,3704,71.1,66.4,68.4,17,14,8,1,34,39,1.4,5,0.18,4,4,8,7,11,7,4,5,637,32,76,307,256,79,11,36.4,54.5,316,430,13,9,5,63,23,472,74,22,20,24,1,40,80,117,40.6
262,Ethan Pinnock,€7.6M,jm JAM,Brentford,DF,31-333,22,21,1913.0,2,0,2,0,1.1,1.2,3,41,9,0.09,0.09,0.05,0.05,N/a,N/a,N/a,N/a,60.0,0.28,0.20,11.1,924,85.6,17045,94.2,89.4,57.9,8,48,4,1,41,21,0.99,0,0.0,35,19,24,11,29,18,11,24,1348,294,783,457,109,24,9,33.3,66.7,633,1633,3,4,0,2,4,760,9,8,4,0,9,50,63,43,59.4
263,Fabian Schär,€7.5M,ch SUI,Newcastle Utd,DF,33-128,30,29,2575.0,4,0,7,1,2.1,0.4,14,95,17,0.14,0.14,0.07,0.01,N/a,N/a,N/a,N/a,34.5,0.35,0.14,21.9,1457,83.6,29153,92.5,92.7,51.4,5,139,10,0,95,27,0.94,3,0.1,32,19,33,19,36,24,12,40,2033,235,1059,858,127,31,12,66.7,16.7,1281,3303,14,23,2,11,6,1416,17,31,12,4,9,123,40,61,39.6
264,Will Hughes,€7.3M,eng ENG,Crystal Palace,MF,30-010,29,21,1869.0,0,3,11,0,1.0,2.7,18,82,24,0.0,0.14,0.05,0.13,N/a,N/a,N/a,N/a,5.3,0.05,0.00,22.6,658,76.1,10532,88.6,82.7,36.7,29,69,14,3,82,61,2.94,6,0.29,61,33,59,32,29,14,15,19,1070,41,253,551,278,14,14,28.6,42.9,469,1120,18,22,1,19,24,594,24,60,30,0,65,107,17,17,50.0
265,Lewis Dunk,€7.1M,eng ENG,Brighton,DF,33-157,24,22,1993.0,0,0,5,0,0.8,0.5,20,140,3,0.0,0.0,0.04,0.02,N/a,N/a,N/a,N/a,25.0,0.14,0.00,12.1,1719,90.8,31990,96.2,95.1,62.6,6,154,6,0,140,18,0.81,3,0.14,17,10,19,8,26,17,9,12,2058,244,969,987,112,21,1,0.0,100.0,1294,3216,20,18,0,8,3,1508,3,7,9,2,5,101,49,30,62.0
266,Danny Welbeck,€5.9M,eng ENG,Brighton,FW,34-152,27,21,1852.0,9,4,4,0,8.1,1.1,19,40,81,0.44,0.63,0.39,0.05,N/a,N/a,N/a,N/a,37.7,0.97,0.17,15.2,352,84.0,4149,85.9,87.6,100.0,17,15,12,0,40,42,2.04,6,0.29,22,13,17,11,16,2,14,5,625,15,47,267,315,90,36,33.3,58.3,373,739,19,21,7,44,23,462,81,11,21,3,3,37,15,24,38.5
267,Joël Veltman,€5.9M,nl NED,Brighton,DF,33-102,19,19,1643.0,0,0,4,0,0.5,0.5,29,79,32,0.0,0.0,0.03,0.03,N/a,N/a,N/a,N/a,16.7,0.05,0.00,19.7,716,80.0,12082,89.8,80.6,63.3,6,61,8,5,79,22,1.21,1,0.05,42,28,51,21,22,7,15,18,1097,64,327,540,240,10,15,26.7,33.3,524,1414,29,22,3,19,7,598,32,26,42,0,23,67,21,18,53.8
268,Abdoulaye Doucouré,€5.8M,ml MLI,Everton,MF,32-116,30,29,2425.0,3,1,5,1,3.9,2.3,39,78,90,0.11,0.15,0.14,0.09,N/a,N/a,N/a,N/a,31.0,0.33,0.10,13.8,676,79.6,10229,85.1,83.1,72.7,26,44,14,0,78,54,2.0,2,0.07,45,27,39,26,30,6,24,9,1090,31,218,502,385,59,43,53.5,46.5,570,1324,39,23,8,33,35,704,90,46,5,10,23,139,29,43,40.3
269,Stefan Ortega,€5.8M,de GER,Manchester City,GK,32-172,13,12,1100.0,0,0,1,0,0.0,0.0,0,0,0,0.0,0.0,0.0,0.0,1.47,68.0,25.0,0.0,N/a,0.0,N/a,N/a,373,81.3,8327,97.1,96.9,51.3,0,6,0,0,0,0,0.0,0,0.0,0,0,1,1,0,0,0,0,492,383,489,3,0,0,0,N/a,N/a,323,864,0,0,0,0,0,309,0,1,2,0,0,8,2,0,100.0
270,Tyrone Mings,€5.7M,eng ENG,Aston Villa,DF,32-045,13,11,1051.0,0,0,1,0,0.8,0.2,6,39,0,0.0,0.0,0.07,0.02,N/a,N/a,N/a,N/a,11.1,0.09,0.00,11.8,581,88.6,10405,92.7,94.3,54.0,3,47,5,0,39,17,1.45,2,0.17,6,5,2,0,13,11,2,7,767,139,388,340,43,15,2,100.0,0.0,472,1333,6,12,0,3,1,523,0,3,9,0,1,33,26,21,55.3
271,Raúl Jiménez,€5.2M,mx MEX,Fulham,FW,33-357,34,26,2134.0,10,3,4,0,11.1,2.9,31,55,117,0.42,0.55,0.47,0.12,N/a,N/a,N/a,N/a,32.5,1.14,0.08,14.2,409,71.4,6193,81.2,74.5,61.2,17,34,10,3,55,54,2.28,6,0.25,28,18,18,12,19,5,14,9,884,30,106,377,414,148,45,40.0,53.3,495,966,31,20,16,61,41,651,117,35,36,14,20,70,72,83,46.5
272,Ben Davies,€5.1M,wls WAL,Tottenham,DF,32-003,12,10,946.0,0,0,3,0,0.3,0.2,13,48,6,0.0,0.0,0.03,0.02,N/a,N/a,N/a,N/a,20.0,0.1,0.00,17.0,704,90.0,13176,93.4,94.7,69.8,2,40,2,0,48,8,0.76,0,0.0,13,9,13,7,18,11,7,10,901,148,458,400,43,12,1,100.0,0.0,528,1576,13,9,0,4,0,618,6,11,4,0,4,31,41,33,55.4
273,Kieran Trippier,€4.5M,eng ENG,Newcastle Utd,DF,34-220,23,13,1192.0,0,3,1,0,0.1,1.3,25,106,52,0.0,0.23,0.01,0.1,N/a,N/a,N/a,N/a,0.0,0.0,0.00,22.2,941,82.1,16020,94.1,85.4,47.8,19,65,17,2,106,49,3.7,6,0.45,36,19,34,13,9,3,6,11,1264,45,353,549,370,12,7,57.1,42.9,563,1140,25,13,4,11,7,780,52,16,10,2,74,61,19,14,57.6
274,Jordan Ayew,€4.5M,gh GHA,Leicester City,"FW,MF",33-228,26,15,1356.0,4,0,5,0,2.9,0.8,39,34,76,0.27,0.27,0.19,0.05,N/a,N/a,N/a,N/a,26.9,0.46,0.12,18.5,333,72.5,4951,85.7,74.1,40.4,13,21,13,7,34,32,2.12,1,0.07,24,13,19,13,15,0,15,12,675,18,91,340,266,48,55,38.2,50.9,408,1226,39,30,8,51,32,452,76,28,45,5,51,84,33,54,37.9
275,Idrissa Gueye,€4.5M,sn SEN,Everton,MF,35-213,33,31,2705.0,0,3,8,0,1.1,1.7,24,126,23,0.0,0.1,0.04,0.06,N/a,N/a,N/a,N/a,18.5,0.17,0.00,25.2,1062,86.5,18071,90.7,90.5,74.0,19,130,10,3,126,56,1.86,3,0.1,123,74,87,33,44,9,35,41,1571,68,382,891,307,19,36,47.2,47.2,733,1501,24,25,4,30,33,895,23,51,39,0,7,177,22,15,59.5
276,Axel Tuanzebe,€4.3M,cd COD,Ipswich Town,DF,27-164,18,17,1445.0,0,1,5,1,0.2,0.3,9,45,8,0.0,0.06,0.01,0.02,N/a,N/a,N/a,N/a,0.0,0.0,0.00,15.7,535,83.1,8240,91.0,81.8,56.1,4,49,2,0,45,11,0.68,2,0.12,29,17,24,8,18,9,9,21,789,89,343,347,105,6,10,40.0,60.0,338,724,9,6,1,11,1,407,8,12,11,0,6,43,15,16,48.4
277,Matt Doherty,€4M,ie IRL,Wolves,DF,33-101,27,22,1901.0,2,1,6,0,1.0,1.5,29,75,39,0.09,0.14,0.05,0.07,N/a,N/a,N/a,N/a,30.0,0.14,0.20,11.4,968,82.5,18122,90.1,86.4,62.4,11,86,14,1,75,24,1.14,3,0.14,36,20,22,7,26,15,11,21,1389,114,540,687,179,25,20,55.0,30.0,726,2032,29,19,4,11,5,879,39,18,11,2,18,98,48,19,71.6
278,Christian Eriksen,€3.9M,dk DEN,Manchester Utd,MF,33-072,19,11,993.0,0,1,4,0,0.3,2.6,10,49,28,0.0,0.09,0.02,0.24,N/a,N/a,N/a,N/a,12.5,0.09,0.00,26.2,543,79.5,9068,92.2,80.0,49.1,22,53,8,2,49,43,3.89,6,0.54,19,9,24,13,13,4,9,7,771,24,160,375,240,12,3,0.0,100.0,421,662,10,10,0,11,5,511,28,8,3,0,74,59,2,5,28.6
279,Ryan Manning,€3.8M,ie IRL,Southampton,"DF,MF",28-317,22,17,1369.0,0,1,2,0,0.3,3.0,13,32,70,0.0,0.07,0.02,0.2,N/a,N/a,N/a,N/a,14.3,0.07,0.00,20.8,572,78.2,9545,92.4,81.3,45.0,30,26,11,8,32,45,2.96,3,0.2,28,17,26,12,19,11,8,16,883,67,237,359,296,21,33,33.3,42.4,446,889,13,13,4,17,5,527,70,19,30,0,77,61,13,5,72.2
280,Conor Coady,€2.3M,eng ENG,Leicester City,DF,32-061,18,15,1354.0,0,0,2,0,0.1,0.1,2,28,0,0.0,0.0,0.01,0.0,N/a,N/a,N/a,N/a,100.0,0.07,0.00,9.2,759,90.6,13101,96.7,96.7,52.3,1,31,2,0,28,4,0.27,0,0.0,11,8,4,2,26,19,7,12,954,184,518,420,17,6,3,66.7,33.3,632,1396,2,3,1,4,2,701,0,7,2,1,0,46,13,16,44.8
281,Wes Burns,€2.1M,wls WAL,Ipswich Town,"FW,DF",30-155,18,12,926.0,0,1,1,0,0.5,1.6,38,8,65,0.0,0.1,0.05,0.16,N/a,N/a,N/a,N/a,14.3,0.1,0.00,18.3,153,60.5,2416,80.4,65.4,38.9,10,8,8,7,8,16,1.55,1,0.1,13,11,10,6,7,2,5,10,350,21,69,129,160,18,24,37.5,58.3,216,696,38,13,10,17,13,220,65,4,11,0,46,50,8,21,27.6
282,Jannik Vestergaard,€2M,dk DEN,Leicester City,DF,32-267,18,16,1391.0,0,0,5,0,0.1,0.1,3,32,2,0.0,0.0,0.01,0.01,N/a,N/a,N/a,N/a,66.7,0.13,0.00,9.7,870,90.7,14697,95.0,93.7,59.3,3,34,1,0,32,7,0.45,0,0.0,22,10,15,6,21,14,7,16,1092,196,572,497,28,10,4,100.0,0.0,672,1458,3,3,0,2,0,757,2,12,4,0,0,46,26,19,57.8
283,Luke Woolfenden,€2M,eng ENG,Ipswich Town,DF,26-188,14,11,1097.0,0,0,2,0,0.0,0.0,7,16,0,0.0,0.0,0.0,0.0,N/a,N/a,N/a,N/a,0.0,0.0,0.00,12.9,450,87.9,8267,96.6,93.5,52.2,0,27,0,0,16,2,0.16,0,0.0,9,6,5,3,21,14,7,18,637,139,365,263,9,3,0,N/a,N/a,338,1153,7,3,0,4,0,398,0,5,2,1,0,35,15,12,55.6
284,Cameron Burgess,€1.7M,au AUS,Ipswich Town,DF,29-188,16,14,1361.0,0,1,0,0,0.7,0.5,2,40,4,0.0,0.07,0.05,0.03,N/a,N/a,N/a,N/a,11.1,0.07,0.00,9.7,541,80.7,9847,90.8,86.5,50.9,6,42,4,0,40,12,0.79,2,0.13,14,9,9,2,18,13,5,13,849,203,510,296,44,21,0,N/a,N/a,391,935,2,4,0,2,0,491,4,4,4,1,0,37,38,19,66.7
285,Adam Smith,€1.5M,eng ENG,Bournemouth,DF,33-363,21,16,1319.0,0,0,5,0,0.7,0.2,12,39,31,0.0,0.0,0.04,0.02,N/a,N/a,N/a,N/a,0.0,0.0,0.00,16.9,415,75.7,6761,87.7,78.8,35.3,6,39,6,3,39,17,1.16,1,0.07,20,10,23,12,10,3,7,14,671,34,205,316,154,6,15,40.0,40.0,293,577,12,15,0,10,6,320,31,13,10,0,28,40,12,12,50.0
286,Craig Dawson,€1.5M,eng ENG,Wolves,DF,34-356,15,10,971.0,0,0,2,0,0.5,0.0,6,20,5,0.0,0.0,0.05,0.0,N/a,N/a,N/a,N/a,20.0,0.09,0.00,8.5,484,86.6,9745,92.5,93.0,60.0,2,22,1,0,20,7,0.65,2,0.19,15,3,15,3,16,11,5,9,671,130,396,249,28,14,5,20.0,40.0,390,938,6,1,0,2,0,443,5,6,5,2,0,35,21,11,65.6
287,Jack Stephens,€1.4M,eng ENG,Southampton,DF,31-090,16,14,1164.0,1,0,2,2,0.6,0.2,13,50,2,0.08,0.08,0.04,0.01,N/a,N/a,N/a,N/a,50.0,0.15,0.25,11.0,750,91.9,12965,92.9,94.3,81.3,3,46,5,0,50,12,0.93,0,0.0,31,18,26,11,14,9,5,11,934,106,386,458,94,11,4,0.0,100.0,520,1127,13,11,1,2,3,655,2,12,4,1,1,41,6,8,42.9
288,Ashley Young,€1.3M,eng ENG,Everton,"DF,FW",39-292,28,17,1613.0,1,3,6,1,0.3,1.6,20,82,26,0.06,0.22,0.01,0.09,N/a,N/a,N/a,N/a,50.0,0.17,0.17,24.5,606,70.0,11151,87.9,76.1,40.4,19,71,18,9,82,37,2.06,6,0.33,50,28,50,19,10,3,7,23,1034,51,314,448,277,9,14,35.7,50.0,409,1210,20,24,1,8,1,528,26,24,17,0,64,61,10,10,50.0
289,Sam Morsy,€1.3M,eg EGY,Ipswich Town,MF,33-229,29,27,2419.0,1,1,9,0,0.3,0.8,14,103,10,0.04,0.07,0.01,0.03,N/a,N/a,N/a,N/a,22.2,0.07,0.11,26.3,1084,86.3,17420,93.2,91.5,57.9,18,128,13,2,103,39,1.45,2,0.07,60,34,56,31,31,12,19,28,1468,85,439,834,209,4,20,60.0,30.0,747,1720,14,20,2,15,10,983,10,44,23,0,12,137,16,23,41.0
290,Jamie Vardy,€1.2M,eng ENG,Leicester City,FW,38-106,32,32,2571.0,7,3,5,0,10.2,2.9,27,20,108,0.25,0.35,0.36,0.1,N/a,N/a,N/a,N/a,40.0,0.7,0.12,12.1,238,66.9,3414,74.3,76.2,68.4,18,10,9,1,20,42,1.47,9,0.31,18,13,12,8,8,4,4,3,540,28,54,252,239,101,20,45.0,50.0,255,621,27,11,14,33,12,350,108,21,20,25,11,34,49,51,49.0
291,Łukasz Fabiański,€0.9M,pl POL,West Ham,GK,40-009,13,12,1070.0,0,0,2,0,0.0,0.0,0,0,0,0.0,0.0,0.0,0.0,1.68,74.6,16.7,0.0,N/a,0.0,N/a,N/a,304,67.0,8756,100.0,99.3,41.3,0,4,0,0,0,3,0.25,0,0.0,0,0,1,1,0,0,0,0,488,382,483,5,0,0,2,100.0,0.0,258,845,0,0,0,0,0,227,0,2,1,0,0,5,2,1,66.7
